['Legenda'],['Relevancia']
"['Estande', 'brasileiro', '#', 'COP27', 'pronto', 'receber', 'visitantes', 'mundo', 'todo', 'mostrar', 'protagonismo', 'país', 'geração', 'energias', 'verdes', '.', 'futuro', 'energia', 'limpa', 'presente', 'Brasil']",['positivo']
"['#', 'COP27', '-', 'futuro', 'energia', 'limpa', 'realidade', 'atual', 'Brasil', 'Conferência', 'Partes', 'Nações', 'Unidas', 'sobre', 'Mudanças', 'Clima', '-', '#', 'COP27', '“', 'COP', 'energias', '”', 'Brasil', 'vai', 'mostrar', 'mundo', 'potencial', 'geração', 'excedente', 'energias', 'verdes', '.', 'assunto', 'energia', 'elétrica', 'matriz', 'destaca', 'índice', 'renovável', '84', '%', 'frente', '27', '%', 'média', 'mundial', '.', 'Confira', 'programação', 'desta', 'semana', ':', 'https', ':', '//bit.ly/3WFRCY4']",['positivo']
"['Protocolo', 'Montreal', 'instrumentos', 'ambientais', 'bem', 'sucedidos', 'sendo', 'responsável', 'redução', 'consumo', 'Substâncias', 'Destroem', 'Ozônio', '(', 'SDOs', ')', 'consequentemente', 'diminuição', 'nível', 'dessas', 'substâncias', 'lançadas', 'atmosfera', '.', 'partir', 'ratificação', 'Brasil', 'passa', 'ter', 'acesso', 'Fundo', 'Multilateral', 'Protocolo', 'Montreal', 'destinado', 'adequação', 'fabricantes', 'novos', 'parâmetros', 'redução', 'consumo', 'HFCs', '.', 'Saiba', ':', 'https', ':', '//bit.ly/3fMTuO6']",['positivo']
"['Começa', 'amanhã', '(', '8', ')', 'programação', 'oficial', 'pavilhão', 'brasileiro', '27ª', 'Conferência', 'Climática', 'Nações', 'Unidas', '#', 'COP27', 'ocorre', 'Sharm', 'el-Sheikh', 'Egito', '.', 'debates', 'painéis', 'seguem', 'dia', '17', 'novembro', 'transmissões', 'vivo', 'YouTube', 'Ministério', 'Meio', 'Ambiente', '.', 'link', 'programação', 'completa', 'encontra', 'bio', '.']",['positivo']
"['Brasil', '#', 'COP27', '–', 'estande', 'Brasil', '27ª', 'Conferência', 'Nações', 'Unidas', 'sobre', 'Mudança', 'Clima', 'COP', '27', 'realizada', 'Sharm', 'El-Sheik', 'Egito', 'inaugurado', 'oficialmente', 'terça-feira', '(', '8.11', ')', '.', 'abertura', 'contou', 'participação', 'parte', 'Governo', 'Federal', 'ministro', 'Meio', 'Ambiente', 'Joaquim', 'Leite', 'meio', 'videoconferência', '.', 'programação', 'participação', 'diretamente', 'Brasil', 'ministro', 'Educação', 'Victor', 'Godoy', 'secretário-executivo', 'Ministério', 'Economia', 'Marcelo', 'Guaranys', '.', 'Confira', 'programação', 'desta', 'semana', 'link', 'bio', '.', 'Saiba', ':', 'https', ':', '//bit.ly/3htyHzC']",['positivo']
"['Brasil', '#', 'COP27', '-', 'iniciativa', 'Escolas', '+Verdes', 'apresentada', 'painel', 'contou', 'presença', 'ministros', 'Meio', 'Ambiente', 'Joaquim', 'Leite', 'Educação', 'Victor', 'Godoy', '.', 'ação', 'MMA', 'irá', 'instalar', 'biodigestores', 'estimular', 'educação', 'ambiental', 'escolas', '.', 'Além', 'gerar', 'biogás', 'biofertilizante', 'projeto', 'visa', 'ensinar', 'estudantes', 'forma', 'interdisciplinar', '.', 'Confira', 'programação', 'desta', 'semana', 'link', 'bio', '.', 'Saiba', ':', 'https', ':', '//bit.ly/3TmY6bm']",['positivo']
"['Brasil', 'COP27', '-', 'segundo', 'dia', 'programação', 'Pavilhão', 'Brasil', '27ª', 'Conferência', 'Partes', 'Nações', 'Unidas', 'sobre', 'Mudanças', 'Clima', '(', 'COP27', ')', 'marcado', 'painéis', 'sobre', 'descarbonização', 'indústria', ';', 'agricultura', 'clima', ';', 'tecnologia', 'inovação', 'impulsionando', 'futuro', 'verde', ';', 'programa', 'Alimenta', 'Brasil', 'associado', 'sustentabilidade', 'social', '.', 'Confira', 'programação', 'desta', 'semana', 'link', 'bio', '.', 'Saiba', ':', 'https', ':', '//bit.ly/3Tn3lb2']",['positivo']
"['BRASIL', '#', 'COP27', 'novo', 'Marco', 'Legal', 'Saneamento', 'Básico', 'completou', 'julho', 'dois', 'anos', '.', 'avanços', 'Brasil', 'nessa', 'temática', 'sendo', 'apresentados', 'durante', 'COP27', 'Egito', '.', 'Assista', 'vídeo', 'saiba', 'nova', 'legislação', 'representa', 'revolução', 'investimentos', 'saneamento', 'básico', 'país', '.']",['irrelevante']
"['Brasil', '#', 'COP27-', 'fundo', 'R', '$', '130', 'milhões', 'reais', 'Projeto', 'Vertentes', 'combate', 'desertificação', 'promove', 'melhoria', 'solo', 'diminuição', 'gases', 'efeito', 'estufa', '.', 'projeto', 'alcançará', '47', 'milhões', 'hectares', 'Cerrado', 'estados', 'Bahia', 'Minas', 'Gerais', 'Goiás', 'Mato', 'Grosso', 'Mato', 'Grosso', 'Sul', 'Distrito', 'Federal', '.', 'Saiba', ':', 'https', ':', '//bit.ly/3hCD5MO', 'Confira', 'programação', 'completa', 'COP27', 'link', 'bio', '.']",['positivo']
"['BRASIL', '#', 'COP27', 'Brasil', 'potência', 'geração', 'energia', 'elétrica', 'maior', 'participação', 'fontes', 'renováveis', 'mundo', '.', 'COP27', 'Egito', 'país', 'mostrando', 'mundo', 'capacidade', 'grande', 'exportador', 'mundial', 'energia', 'limpa', '.', 'futuro', 'energia', 'limpa', 'presente', 'Brasil', '!', 'Assista', 'vídeo', 'saiba', 'sobre', 'matriz', 'elétrica', 'brasileira', '.']",['positivo']
"['Brasil', '#', 'COP27', '-', 'Brasil', 'poderá', 'modelo', 'global', 'sobre', 'utilizar', 'solo', 'terra', 'agrícola', 'depósito', 'carbono', 'agricultura', 'positiva', '.', 'afirmação', 'professor', 'emérito', 'Ohio', 'University', 'Dr.', 'Rattan', 'Lal', 'ganhador', 'Prêmio', 'Nobel', 'Paz', '2007', 'Prêmio', 'mundial', 'agricultura', '2020', '.', 'prática', 'agricultura', 'regenerativa', 'uso', 'biofertilizantes', 'opinião', 'Lal', 'pode', 'fazer', 'futuro', 'parte', 'terras', 'usadas', 'agricultura', 'possa', 'devolvida', 'natureza', '.', 'Saiba', ':', 'https', ':', '//bit.ly/3UF034A']",['irrelevante']
"['abertas', 'inscrições', '10', 'cursos', 'plataforma', 'Educa', '+', '!', 'Dois', 'destes', 'cursos', 'inéditos', 'tratam', 'temática', 'Bioeconomia', '“', 'Patrimônio', 'Genético', 'Conhecimentos', 'Tradicionais', 'Associados', '”', '“', 'Combate', 'biopirataria', '”', '.', '30', 'mil', 'vagas', 'inscrições', 'podem', 'realizadas', '23/11', '.', 'Saiba', ':', 'https', ':', '//bit.ly/3O71xSt']",['irrelevante']
"['Brasil', '#', 'COP27', '-', 'Óculos', 'realidade', 'virtual', 'faz', 'sucesso', 'estande', 'Brasil', 'COP27', 'leva', 'visitantes', 'tour', 'Floresta', 'Amazônica', '.', 'mil', 'pessoas', '80', 'países', 'experimentaram', 'viagem', 'maior', 'floresta', 'tropical', 'planeta', 'durante', 'evento', 'Egito', '.', 'Assista', 'vídeo', 'Amazônia', '360', 'viva', 'experiência', ':', 'https', ':', '//bit.ly/3UNBbHV', 'futuro', 'energia', 'limpa', 'presente', 'Brasil', '!']",['irrelevante']
"['três', 'décadas', 'trabalhando', 'prol', 'conservação', 'preservação', 'desenvolvimento', 'sustentável', '.']",['positivo']
"['Resultado', 'parceria', 'MMA', '@', 'mturismo', '@', 'icmbio', 'manual', 'conta', 'dados', 'informações', 'sobre', 'aspectos', 'históricos', 'trilhas', 'longo', 'curso', 'mundo', 'Brasil', 'além', 'estudos', 'pesquisas', 'secundárias', 'sobre', 'perfil', 'público', 'desse', 'segmento', '.', 'Traz', 'ainda', 'levantamento', 'políticas', 'públicas', 'relacionadas', 'Sistema', 'Nacional', 'Trilhas', 'Brasil', 'bem', 'principais', 'potencialidades', 'desafios', 'oportunidades', 'desenvolvimento', 'produtos', 'turísticos', 'relacionados', 'Trilhas', 'Longo', 'Curso', '.', 'Saiba', ':', 'https', ':', '//bit.ly/3V65IRi']",['irrelevante']
"['iniciativas', 'destacaram', 'Agenda', 'Ambiental', 'Administração', 'Pública', '(', 'A3P', ')', 'premiadas', 'próxima', 'terça-feira', '(', '29', ')', 'partir', '9h', 'manhã', 'transmissão', 'vivo', 'YouTube', 'Ministério', 'Meio', 'Ambiente', '(', 'MMA', ')', '.', 'todo', '94', 'projetos', 'inscritos', '9º', 'Prêmio', 'Melhores', 'Práticas', 'Sustentabilidade', 'Administração', 'Pública', 'possui', 'cinco', 'categorias', '.', 'Acompanhe', 'redes', 'sociais', 'MMA', 'conheça', 'todas', 'práticas', ';', 'sabe', 'não', 'pode', 'servir', 'inspiração', 'aplicada', 'cidade', 'órgão', 'trabalha', '?', 'Acompanhe', 'vivo', ':', 'https', ':', '//bit.ly/3GIlM7m', '#', 'A3P', '#', 'Sustentabilidade', '#', 'MMA', '#', 'MeioAmbiente', '#', 'Reciclagem', '#', 'energialimpa']",['irrelevante']
"['Estratégia', 'Nacional', 'Conservação', 'Espécies', 'Ameaçadas', 'Extinção', '(', 'Pró-Espécies', ')', 'MMA', 'ultrapassou', 'seis', 'vezes', 'projeção', 'inicial', 'área', 'atuação', 'passando', 'nove', 'milhões', '62', 'milhões', 'hectares', '2022', '.', 'ampliação', 'possível', 'graças', 'conclusão', '11', 'Planos', 'Ação', 'Territoriais', 'Conservação', 'Espécies', 'Ameaçadas', 'Extinção', '(', 'PAT', ')', 'detalhou', 'limites', 'cada', '24', 'territórios', 'contemplados', 'iniciativa', '.', 'Saiba', ':', 'https', ':', '//bit.ly/3VmTPWO', 'Luiz', 'Filipe', 'Varella', ';', 'Matheus', 'Volcan', ';', 'Rodrigo', 'Lopes', 'Ferreira']",['positivo']
"['Durante', '19ª', 'Conferência', 'Partes', 'Convenção', 'sobre', 'Comércio', 'Internacional', 'Espécies', 'Fauna', 'Flora', 'Selvagens', 'Perigo', 'Extinção', '(', 'CITES', ')', 'Panamá', 'Brasil', 'proponente', 'importantes', 'propostas', 'visam', 'proteção', 'biodiversidade', '.', 'pautas', 'encabeçadas', 'Brasil', 'raias', 'água', 'doce', 'peixe-zebra', 'jacaré-de-papo-amarelo', 'onças', 'árvore', 'deu', 'origem', 'nome', 'país', 'Pau-brasil', '.', '“', 'Apresentamos', 'inclusão', 'espécie', 'endêmica', 'país', 'intuito', 'fortalecer', 'controle', 'sobre', 'comércio', 'extração', 'ilegal', 'dessa', 'madeira', 'nobre', 'remanescentes', 'naturais', 'Mata', 'Atlântica', ""''"", 'explica', 'secretária', 'Biodiversidade', 'MMA', 'Julie', 'Messias', '.', 'Saiba', ':', 'https', ':', '//bit.ly/3GMZHVf']",['positivo']
"['Ministério', 'Meio', 'Ambiente', 'premiou', 'iniciativas', 'todo', 'país', 'destacaram', 'quesito', 'sustentabilidade', '.', 'vencedores', '9º', 'Prêmio', 'Melhores', 'Práticas', 'Sustentabilidade', 'Administração', 'Pública', '(', 'Prêmio', 'A3P', ')', 'revelados', 'durante', 'realização', '12°', 'Fórum', '9°', 'Prêmio', 'A3P', 'realizado', 'nesta', 'terça-feira', '(', '29', ')', '.', 'todo', '92', 'projetos', 'inscritos', 'cinco', 'categorias', 'premiação', 'incluem', 'gestão', 'resíduos', ';', 'uso', 'sustentável', 'recursos', 'naturais', ';', 'inovação', 'gestão', 'pública', ';', 'destaque', 'rede', 'A3P', ';', 'combate', 'poluição', 'águas', '.', 'Saiba', ':', 'https', ':', '//bit.ly/3OOdAV3']",['positivo']
"['partir', 'agora', 'órgãos', 'gestores', 'Sistema', 'Nacional', 'Unidades', 'Conservação', 'Natureza', '(', 'SNUC', ')', 'sociedade', 'contam', 'nova', 'plataforma', 'Cadastro', 'Nacional', 'Unidades', 'Conservação', '(', 'CNUC', ')', '.', 'nova', 'plataforma', 'CNUC', 'facilita', 'carregamento', 'arquivos', 'georreferenciados', 'diferentes', 'projeções', '.', 'integração', 'CNUC', 'outros', 'sistemas', 'governo', 'federal', 'facilitada', '.', 'inovações', 'dessa', 'nova', 'versão', 'relação', 'Reservas', 'Particular', 'Patrimônio', 'Natural', '(', 'RPPNs', ')', 'sendo', 'disponibilizado', 'proprietários', 'perfil', 'específico', 'cadastrem', 'atualizem', 'informações', 'sobre', 'reservas', '.', '#', 'meioambiente', '#', 'conservação', '#', 'sistema', '#', 'sustentabilidade']",['positivo']
"['Aumento', 'eficiência', 'proteção', 'direitos', 'guardiões', 'biodiversidade', 'fomento', 'pesquisa', 'conquistas', 'Lei', 'Brasileira', 'Biodiversidade', '.', 'justamente', 'outros', 'avanços', 'legislação', 'despertaram', 'interesse', 'autoridades', 'representantes', 'diferentes', 'países', 'assistiram', 'painel', 'comandado', 'Brasil', 'durante', '15ª', 'Conferência', 'Biodiversidade', 'ONU', 'acontece', 'Montreal', 'Canadá', '.', '#', 'biodiversidade', '#', 'conservação', '#', 'COP15', '#', 'PatrimônioNatural', '#', 'PatrimônioGenético', '#', 'fauna', '#', 'flora']",['positivo']
"['evento', 'Brasil', 'defendeu', 'Quadro', 'Biodiversidade', 'Global', '(', 'GBF', 'sigla', 'inglês', ')', 'deve', 'guiado', 'senso', 'renovado', 'cooperação', 'solidariedade', 'internacional', '.', 'Assim', 'defesa', 'enfática', 'criação', 'Fundo', 'Global', 'Clima', 'durante', 'COP27', 'Brasil', 'propôs', 'Fundo', 'Global', 'Biodiversidade', 'parte', 'esforço', 'conjunto', 'países', 'desenvolvidos', 'nações', 'desenvolvimento', 'cumprimento', 'metas', '.', '“', 'Propomos', 'criação', 'fundo', 'junto', '70', 'países', 'ligado', 'convenção', 'sirva', 'atender', 'particularidades', 'cada', 'país', 'alcance', 'metas', 'estabelecidas', '.', 'todos', 'ambiciosos', 'sobre', 'metas', 'estabelecidas', 'faltou', 'ambição', 'engajamento', 'países', 'desenvolvidos', 'sobre', 'tema', 'finanças', '.', 'valor', 'apresentado', 'US', '$', '200', 'bilhões', '2025', 'US', '$', '300', 'bilhões', '2030', 'não', 'suficientes', 'êxito', 'Marco', 'Global', 'Biodiversidade', '”', 'afirmou', 'Secretária', 'Biodiversidade', 'Ministério', 'Meio', 'Ambiente', 'Julie', 'Messias', '.', 'Saiba', ':', 'https', ':', '//bit.ly/3FIv3dp', '#', 'biodiversidade', '#', 'conservação', '#', 'COP15', '#', 'PatrimônioNatural', '#', 'PatrimônioGenético', '#', 'fauna', '#', 'flora']",['irrelevante']
"['Aguardado', 'desde', '2010', 'criado', 'última', 'quinta-feira', '(', '22', ')', 'Governo', 'Federal', 'sistema', 'logística', 'reversa', 'embalagens', 'vidro', '.', 'Decreto', 'assinado', 'presidente', 'Jair', 'Bolsonaro', 'estabelece', 'metas', 'diretrizes', 'responsabilidades', 'alavancar', 'reciclagem', 'Brasil', '.', 'Confira', 'benefícios', 'dessa', 'medida', ':', 'aumentará', 'reciclagem', 'vidro', 'país', 'evitando', 'descarte', 'inadequado', 'meio', 'ambiente', '.', 'Anualmente', '1', 'bilhão', 'garrafas', 'descartáveis', 'destinação', 'inadequada', 'Brasil', ')', ';', 'contribuirá', 'criação', 'empregos', 'verdes', 'preservação', 'recursos', 'naturais', 'redução', 'poluição', ';', 'medida', 'ajuda', 'combate', 'doenças', 'dengue', 'zika', 'chikungunya', 'febre', 'amarela', 'urbana', 'visto', 'garrafas', 'descartadas', 'meio', 'ambiente', 'receber', 'água', 'chuva', 'tornam', 'criadouros', 'mosquito', 'Aedes', 'Aegypti', 'transmissor', 'dessas', 'doenças', ';', 'promoverá', 'aumento', 'eficiência', 'energética', 'indústria', 'redução', 'emissão', 'gases', 'efeito', 'estufa', 'visto', 'caco', 'reciclado', 'utiliza', '40', '%', 'menos', 'energia', 'não', 'emite', 'CO2', ';', 'empresas', 'poderão', 'cumprir', 'obrigações', 'forma', 'simples', 'desburocratizada', 'meio', 'Recicla+', '(', 'leilão', 'reverso', 'onde', 'empresas', 'adquirem', 'certificado', 'crédito', 'reciclagem', 'incentivando', 'reciclagem', 'meio', 'renda', 'extra', 'agentes', 'reciclagem', 'operadores', ')', ';', 'reduz', 'custo', 'municípios', 'contribuintes', 'transporte', 'aterramento', '(', 'menos', 'peso', 'lixo', 'comum', ')', 'retorno', 'embalagens', 'reciclagem', ';', 'decreto', 'ajudará', 'cumprir', 'metas', 'nacionais', 'estabelecidas', 'Plano', 'Nacional', 'Resíduos', 'Sólidos', ';', 'contribuirá', 'atendimento', 'requisitos', 'acordos', 'multilaterais', '(', 'OCDE', 'União', 'Europeia', 'etc', ')', ';', 'medida', 'aguardada', 'desde', '2010', 'lançamento', 'Política', 'Nacional', 'Resíduos', 'Sólidos', 'representa', 'gol', 'agenda', 'ambiental', 'governo', 'federal', ';', 'não', 'representa', 'nenhum', 'custo', 'governo', 'nenhum', 'impacto', 'orçamento', 'finanças', 'públicas', '.', 'ações', 'realizadas', 'setor', 'empresarial', 'feito', 'caso', 'embalagens', 'retornáveis', 'vários', 'sistemas', 'logística', 'reversa', 'implantados', 'país', '(', 'eletroeletrônicos', 'medicamentos', 'baterias', 'automotivas', 'etc.', ')', '.', 'Saiba', ':', 'https', ':', '//bit.ly/3WkMiZB']",['positivo']
"['MMA', 'divulgou', 'resultado', 'seleção', 'instituições', 'farão', 'parte', 'Projeto', 'Salas', '+Verdes', '.', 'seleção', 'realizada', 'partir', 'análise', 'Projeto', 'Pedagógico', 'submetido', 'base', 'critérios', 'relacionados', 'prática', 'educação', 'ambiental', '.', 'chamada', 'pública', '86', 'novas', 'salas', 'selecionadas', '.', 'Acesse', 'site', 'confira', 'selecionados', ':', 'https', ':', '//bit.ly/3GmxDYp']",['irrelevante']
"['RedeTrilhas', 'adesão', 'primeira', 'trilha', 'longo', 'curso', 'aquática', 'Brasil', '.', 'rede', 'busca', 'conectar', 'pontos', 'interesse', 'patrimônio', 'natural', 'cultural', 'brasileiro', 'meio', 'trilhas', 'longo', 'curso', 'todo', 'país', '.', 'Acesse', 'site', 'saiba', 'sobre', 'RedeTrilhas', ':', 'https', ':', '//bit.ly/3Q5uFuh']",['positivo']
"['solenidade', 'ministra', 'destacou', 'política', 'ambiental', 'prioridade', 'não', 'apenas', 'MMA', 'governo', 'todo', 'anunciou', 'criação', 'novas', 'secretarias', 'bem', 'retomada', 'medidas', 'essenciais', 'proteção', 'florestas', 'biodiversidade', 'desenvolvimento', 'sustentabilidade', 'econômica', 'social', 'cultural', '.', 'Saiba', 'link', 'bio', '!', '#', 'meioambiente', '#', 'florestas', '#', 'biodiversidade', '#', 'mudançadoclima', '#', 'SFB', '#', 'ANA']",['positivo']
"['Decreto', 'n°', '11.372/23', 'entrou', 'vigor', 'dia', '2', 'janeiro', 'traz', 'reestruturação', 'Fundo', 'Nacional', 'Meio', 'Ambiente', '.', 'decreto', 'atual', 'Presidente', 'estrutura', 'passa', 'ter', '21', 'integrantes', 'retomando', 'participação', 'representantes', 'organizações', 'ambientalistas', 'incluindo', 'representantes', 'povos', 'indígenas', 'povos', 'comunidades', 'tradicionais', 'meio', 'Ministério', 'Povos', 'Indígenas', '.', 'Fundo', 'Nacional', 'Meio', 'Ambiente', 'criado', '1989', 'objetivo', 'desenvolver', 'projetos', 'visem', 'uso', 'racional', 'sustentável', 'recursos', 'naturais', 'incluindo', 'manutenção', 'melhoria', 'recuperação', 'qualidade', 'ambiental', '.', 'Saiba', 'link', 'bio', '!']",['positivo']
"['ministra', 'Meio', 'Ambiente', 'Mudança', 'Clima', 'Marina', 'Silva', 'ministra', 'alemã', 'Cooperação', 'Econômica', 'Desenvolvimento', 'Svenja', 'Schulze', 'anunciaram', 'nesta', 'segunda-feira', '(', '30/1', ')', 'Brasília', 'pacote', 'inclui', 'repasse', 'país', 'europeu', '203', 'milhões', 'euros', '(', 'R', '$', '11', 'bilhão', ')', 'ações', 'socioambientais', 'Brasil', '.', 'medidas', 'deverão', 'iniciadas', 'próximos', '100', 'dias', 'tratam', 'políticas', 'desenvolvimento', 'sustentável', 'prevenção', 'combate', 'desmatamento', 'inclusão', 'social', 'base', 'economia', 'florestal', 'promoção', 'ações', 'afirmativas', 'produtos', 'bioeconomia', 'proteção', 'povos', 'indígenas', '.']",['positivo']
"['Agentes', 'Ibama', 'iniciaram', 'nesta', 'segunda-feira', '(', '6/2', ')', 'apoio', 'Fundação', 'Nacional', 'Povos', 'Indígenas', '(', 'Funai', ')', 'Força', 'Nacional', 'Segurança', 'Pública', 'ações', 'fiscalização', 'proteger', 'indígenas', 'combater', 'garimpo', 'ilegal', 'território', 'Yanomami', 'Roraima', '.', 'início', 'noite', 'desta', 'terça', '(', '7/2', ')', 'haviam', 'sido', 'destruídos', 'helicóptero', 'avião', 'trator', 'esteira', 'estruturas', 'apoio', 'logístico', 'garimpo', '.', 'apreendidas', 'duas', 'armas', 'três', 'barcos', 'cerca', '5', 'mil', 'litros', 'combustível', '.']",['positivo']
"['IBAMA', 'VOLTOU']",['positivo']
"['ministra', 'Meio', 'Ambiente', 'Mudança', 'Clima', 'Marina', 'Silva', 'reuniu', 'nesta', 'quarta-feira', '(', '8/2', ')', 'representantes', 'diversos', 'ministérios', 'vice-presidente', 'Geraldo', 'Alckmin', 'apresentar', 'novo', 'arcabouço', 'combate', 'desmatamento', 'governo', 'federal', '.', 'primeira', 'reunião', 'Comissão', 'Interministerial', 'Permanente', 'Prevenção', 'Controle', 'Desmatamento', 'Queimadas', 'criada', 'Decreto', 'Federal', '11.367', '1º', 'janeiro', '.', 'comissão', 'responsável', 'implementar', 'Programa', 'Prevenção', 'Controle', 'Desmatamento', 'Queimadas', 'Brasil', '(', 'PPCD', ')', '.', 'estrutura', 'inicial', 'apresentada', 'Planalto', 'secretário', 'executivo', 'MMA', 'João', 'Paulo', 'Capobianco', 'enfatizou', 'papel', 'Casa', 'Civil', 'coordenação', 'ações', '.']",['positivo']
"['``', 'Não', 'vai', 'existir', 'garimpo', 'ilegal', '.', 'Responsáveis', 'punidos', '.', ""''"", '-', 'presidente', 'Lula', '.']",['positivo']
"['comunicado', 'conjunto', 'divulgado', 'nesta', 'sexta-feira', '(', '10/2', ')', 'Washington', 'EUA', 'presidentes', 'Luiz', 'Inácio', 'Lula', 'Silva', 'Joe', 'Biden', 'ressaltaram', 'fortalecimento', 'democracia', 'promoção', 'respeito', 'direitos', 'humanos', 'enfrentamento', 'crise', 'clima', 'centro', 'agenda', 'comum', '.', 'documento', 'EUA', 'anunciaram', 'intenção', '“', 'trabalhar', 'Congresso', 'fornecer', 'recursos', 'programas', 'proteção', 'conservação', 'Amazônia', 'brasileira', 'incluindo', 'apoio', 'inicial', 'Fundo', 'Amazônia', 'alavancar', 'investimentos', 'nessa', 'região', 'importante', '”', '.', 'fundo', 'paralisado', 'desde', '2019', 'R', '$', '3', 'bilhões', 'caixa', 'após', 'decisão', 'governo', 'anterior', 'reativado', 'decreto', 'presidente', 'Lula', '1º', 'janeiro', '.', 'Foto', ':', 'Ricardo', 'Stuckert']",['positivo']
"['R', '$', '33', 'bilhões', 'caixa', 'Fundo', 'Amazônia', 'parado', 'desde', '2019', 'decisão', 'governo', 'anterior', 'extinguiu', 'Comitê', 'Orientador', '(', 'COFA', ')', '.', 'fundo', 'reativado', 'após', 'decreto', 'presidente', 'Luiz', 'Inácio', 'Lula', 'Silva', '1º', 'janeiro', '.', 'retomada', 'marcada', 'inicialmente', 'ações', 'proteção', 'povos', 'indígenas', 'fortalecimento', 'fiscalização', 'ambiental', '.', 'política', 'ambiental', 'brasileira', 'voltou', '”', 'resumiu', 'ministra', 'Meio', 'Ambiente', 'Mudança', 'Clima', 'Marina', 'Silva', 'após', 'encontro', 'sede', 'Banco', 'Nacional', 'Desenvolvimento', 'Econômico', 'Social', '(', 'BNDES', ')', 'responsável', 'gestão', 'fundo', '.', 'Foto', ':', 'André', 'Telles/Divulgação', 'BNDES']",['positivo']
"['Link', 'decreto', ':', 'bit.ly/DecretoCONAMA']",['irrelevante']
"['Ibama', 'PF', 'reforçaram', 'segurança', 'base', 'federal', 'aldeia', 'Palimiú', 'terra', 'Indígena', 'Yanomami', 'após', 'ataques', 'quinta-feira', '.', 'PF', 'enviou', 'agentes', 'GPI', 'Grupo', 'Pronta', 'Intervenção', '.', 'três', 'semanas', 'destruídas', '4', 'aeronaves', 'dezenas', 'balsas', 'toneladas', 'cassiterita', '.', 'criminosos', 'atacaram', 'base', 'tentavam', 'fugir', '7', 'barcos', 'cerca', '15', 'toneladas', 'cassiterita', 'minério', 'roubado', 'terra', 'indígena', '.', 'carga', 'avaliada', 'R', '$', '15', 'milhão', 'identificada', 'meio', 'drones', 'operados', 'Ibama', '.', 'Desde', 'instalação', 'barreira', 'cabos', 'aço', 'rio', 'Uraricoera', 'último', 'dia', '20', 'nenhum', 'barco', 'carregado', 'entrou', 'terra', 'indígena', '.', 'ataque', 'reação', 'efetividade', 'ação', 'retomada', 'território', 'Estado', 'disse', 'ministra', 'Marina', 'Silva', 'operação', 'não', 'prazo', 'terminar', '.', 'Acabar', 'garimpo', 'ilegal', 'determinação', 'presidente', 'Lula', '.']",['positivo']
"['praia', 'Sancho', 'Parque', 'Nacional', 'Marinho', 'Fernando', 'Noronha', '(', '@', 'icmbionoronha', ')', 'eleita', 'melhor', 'praia', 'mundo', '2023', 'votação', 'popular', '.', 'lista', 'elaborada', 'base', 'avaliações', 'feitas', 'visitantes', 'Unidade', '.', '``', 'ICMBio', 'gratificante', 'saber', 'ano', 'melhor', 'praia', 'mundo', 'Parque', 'Nacional', 'Marinho', 'Fernando', 'Noronha', '.', 'Sancho', 'reserva', 'todos', 'experiência', 'única', ':', 'trilhas', 'mirantes', 'acessíveis', 'falésias', 'águas', 'límpidas', 'muita', 'vida', 'marinha', '.', 'Acreditamos', 'título', 'revela', 'beleza', 'natural', 'serviço', 'qualidade', 'prestado', 'Parque', ""''"", 'comemorou', 'chefe', 'ICMBio', 'Noronha', 'Carla', 'Guaitanele', '.', 'Parque', 'bateu', 'recorde', 'visitantes', '2022', 'quase', '130', 'mil', 'pessoas', 'turistas', 'nacionais', 'estrangeiros', '.', 'realizar', 'visita', 'maiores', 'informações', 'podem', 'acessadas', 'site', 'PNM', 'Fernando', 'Noronha', '.', 'Veja', 'matéria', 'completa', 'link', 'stories', '.', 'Foto', ':', 'Carla', 'Guaitanele/ICMBio']",['irrelevante']
"['@', 'ibamagov', 'inaugurou', 'nesta', 'terça-feira', '(', '28/02', ')', 'Central', 'Logística', 'Apoio', 'Centro', 'Nacional', 'Prevenção', 'Combate', 'Incêndios', 'Florestais', '(', 'Prevfogo', ')', '.', 'Localizado', 'área', 'sede', 'Instituto', 'Brasília', 'novo', 'prédio', 'composto', 'sala', 'monitoramento', 'tempo', 'real', 'salas', 'crise', 'operações', 'almoxarifado', 'oficina', 'equipamentos', 'além', 'espaços', 'destinados', 'atividades', 'administrativas', '.', 'projeto', 'instalações', 'fruto', 'contrato', 'colaboração', 'financeira', 'assinado', '2014', 'Ibama', 'Banco', 'Nacional', 'Desenvolvimento', 'Econômico', 'Social', '(', 'BNDES', ')', '.', 'maior', 'parte', 'recursos', 'realização', 'obra', 'oferecida', 'Fundo', 'Amazônia', '.', 'edificação', 'incorpora', 'diversos', 'elementos', 'sustentabilidade', 'estação', 'tratamento', 'reuso', 'água', 'aproveitamento', 'luz', 'solar', 'luminárias', 'células', 'fotovoltaicas', 'telhado', 'verde', '.', 'Todo', 'processo', 'construção', 'apoio', 'Exército', 'Brasileiro', '.', 'acordo', 'coordenadora-geral', 'Prevfogo', 'Flávia', 'Leite', 'central', 'resultará', 'agilidade', 'distribuição', 'manutenção', 'equipamentos', 'permitirá', 'reduzir', 'custos', 'aquisição', 'prestação', 'serviços', '.', '“', 'vai', 'trazer', 'eficiência', 'pronto', 'atendimento', 'demandas', 'principalmente', 'período', 'considerado', 'crítico', 'combate', 'incêndios', 'florestais', 'julho', 'novembro', '”', 'disse', '.', 'solenidade', 'inauguração', 'Central', 'Logística', 'Apoio', 'Prevfogo', 'realizada', 'logo', 'após', 'posse', 'presidente', 'Ibama', 'Rodrigo', 'Agostinho', 'parte', 'comemorações', 'aniversário', '34', 'anos', 'Ibama', 'contou', 'presença', 'ministra', 'Marina', 'Silva', 'Secretário-Executivo', 'MMA', 'João', 'Paulo', 'Capobianco', '.']",['positivo']
"['Domingo', 'ensolarado', 'Terra', 'Indígena', 'Yanomami', 'seguimos', 'fortalecendo', 'ações', 'proteção', 'povo', 'segura', 'céu', '.', 'primeiro', 'plano', ':', 'Marina', 'Silva', 'xamã', 'Davi', 'Kopenawa', '.']",['positivo']
"['Trabalho', 'firme', 'contra', 'desmatamento', '!', 'última', 'semana', 'MMA', '@', 'mcti', 'realizam', '10°', 'Seminário', 'Técnico-Científico', 'Análise', 'Dados', 'desmatamento', 'Amazônia', 'Legal', '.', '12', 'horas', 'palestras', 'discussões', 'irão', 'embasarar', 'retomada', 'plano', 'combate', 'desmatamento', 'Amazônia', '.', 'Veja', 'apresentações', 'íntegra', 'YouTube', 'MMA', '.', 'política', 'reduziu', 'perdas', 'florestais', '80', '%', '2004', '2012', 'voltando', '.']",['positivo']
"['mulheres', 'MMA', '@', 'minc', 'celebraram', 'juntas', 'dia', 'especial', 'música', 'poesia', '.', '#', 'respeitoprasmulheres']",['irrelevante']
"['@', 'ibamagov', 'destruiu', 'sete', 'aviões', 'helicóptero', 'desde', 'início', 'retomada', 'território', 'Yanomami', 'mês', 'apoio', '@', 'prfoficial', '@', 'policiafederal', '.', 'destruídos', 'menos', '140', 'acampamentos', 'estruturas', 'apoio', 'logístico', 'garimpo', '.', 'último', 'fim', 'semana', 'ministra', 'Marina', 'Silva', 'acompanhou', 'líder', 'indígena', 'Davi', 'Kopenawa', 'trabalho', 'base', 'federal', 'instalada', 'Ibama', 'apoio', '@', 'funaioficial', 'Força', 'Nacional', 'Segurança', 'Pública', 'Forças', 'Armadas', '(', '@', 'mindefesa', ')', 'rio', 'Uraricoera', '.', 'apreendidas', 'momento', '19', 'toneladas', 'cassiterita', 'extraídas', 'ilegalmente', 'terra', 'Indígena', 'avaliadas', 'cerca', 'R', '$', '2', 'milhões', '.']",['positivo']
"['Quais', 'destes', '8', 'animais', 'fauna', 'conhece', '?', '14', 'março', 'Dia', 'Nacional', 'Animais', 'criado', 'conscientizar', 'pessoas', 'sobre', 'cuidados', 'devem', 'dados', '.', 'governo', 'federal', 'promoveu', 'avanços', 'proteção', 'fauna', '.', 'Confira', 'alguns', ':', 'Revogação', 'normas', 'facilitavam', 'acesso', 'armas', 'munições', 'caçadores', 'atiradores', 'colecionadores', '(', 'CACs', ')', '.', 'caça', 'crime', 'Brasil', ';', 'Retomada', 'Fundo', 'Amazônia', 'combate', 'desmatamento', 'garimpo', 'ilegal', 'anúncio', 'Planos', 'Prevenção', 'Controle', 'Desmatamento', 'Biomas', 'Brasileiros', 'protegem', 'hábitats', 'milhares', 'espécies', 'inclusive', 'ameaçadas', 'extinção', ';', 'Proibição', 'uso', 'animais', 'pesquisa', 'cosméticos', 'perfumes', 'itens', 'higiene', 'iniciativa', 'Conselho', 'Nacional', 'Controle', 'Experimentação', 'Animal', ';', 'Ministério', 'Meio', 'Ambiente', 'Mudança', 'Clima', 'criada', 'Secretaria', 'Nacional', 'Biodiversidade', 'Florestas', 'Direitos', 'Animais', 'Departamento', 'Proteção', 'Defesa', 'Direitos', 'Animais', '.', 'Dentre', 'objetivos', 'promoção', 'proteção', 'direitos', 'animais', ';', 'elaboração', 'políticas', 'públicas', ';', 'articulação', 'órgãos', 'Poder', 'Público', 'sociedade', 'civil', ';', 'disseminação', 'boas', 'práticas', 'temas', 'defesa', 'fauna', 'garantia', 'direitos', 'animais', '.', 'cada', 'ano', '@', 'ibamagov', 'devolve', 'vida', 'livre', 'cerca', '30', 'mil', 'animais', 'apreendidos', 'resgatados', 'entregues', 'espontaneamente', 'população', '.', 'bichos', 'após', 'reabilitação', 'Centros', 'Triagem', 'Animais', 'Silvestres', '(', 'Cetas', ')', 'reintegrados', 'habitat', 'possam', 'povoá-lo', 'ter', 'qualidade', 'vida', '.', 'Imagens', ':', '1', ':', 'Andreia', 'Martins/AMLD', '2', ':', 'João', 'Pedro', 'Salgado', '(', '@', 'joao.pedro.salgado', ')', '3', ':', 'Robson', 'Czaban/MMA', '4', '.', '5', '6', ':', 'Arquivo', 'MMA', '7', ':', 'Carolina', 'Oliveira', '(', '@', 'sdocarolina', ')', '8', ':', 'Luciano', 'Lima', '(', '@', 'calyptura', ')']",['positivo']
"['``', 'proteção', 'meio', 'ambiente', 'luta', 'contra', 'emergência', 'climática', 'mudanças', 'civilizatórias', 'estarão', 'completas', 'acompanhadas', 'direitos', 'iguais', 'dignidade', 'todas', 'todos', '.', ""''"", '-', '@', 'marinasilvaoficial', '.', 'Neste', '16', 'março', 'comemoramos', 'durante', 'Mês', 'Mulher', 'Dia', 'Nacional', 'Conscientização', 'sobre', 'Mudanças', 'Climáticas', '.', 'data', 'refletir', 'sobre', 'mulheres', 'outros', 'grupos', 'sociais', 'sofrem', 'desproporcionalmente', 'impactos', 'degradação', 'ambiental', 'mudança', 'clima', '.', 'acordo', 'ministra', '@', 'cidagmulher', '``', 'combinação', 'misoginia', 'machismo', 'racismo', 'negacionismo', 'climático', 'científico', 'representa', 'projeto', 'devastador', 'mulheres', '”', '.', '“', 'papel', 'inverter', 'lógica', 'prol', 'diversas', 'mulheres', 'compõem', 'sociedade', 'brasileira', 'negras', 'brancas', 'indígenas', 'LBTQIA+', 'campo', 'cidade', 'águas.', '”', 'não', 'enfrentadas', 'consequências', 'mudança', 'clima', 'vão', 'acelerar', 'níveis', 'pobreza', 'desigualdade', '.', 'Não', 'possível', 'falar', 'sobre', 'clima', 'enfatizar', 'papel', 'protagonismo', 'mulheres', 'têm', 'tido', 'enfrentamento', 'mudanças', 'climáticas', '.', 'governo', 'federal', 'RESPEITA', 'TODAS', 'MULHERES', '.', '#', 'RespeitoPrasMulheres', '#', 'MarçoDasMulheres']",['irrelevante']
"['Hoje', 'Dia', 'Internacional', 'Florestas', 'queremos', 'destacar', 'Floresta', 'Nacional', 'Tapajós', 'exemplo', 'gestão', 'socioambiental', 'uso', 'sustentável', 'pesquisa', 'científica', '.', 'Cooperativa', 'Mista', 'Flona', 'Tapajós', '(', 'Coomflona', ')', 'responsável', 'aproveitamento', 'sustentável', 'comercialização', 'recursos', 'florestais', 'unidade', 'gerando', 'renda', 'famílias', 'tradicionais', 'região', '.', 'produção', 'móveis', 'artesanais', 'feitos', 'partir', 'galhos', 'árvores', 'antes', 'considerados', 'resíduos', 'manejo', 'florestal', 'agora', 'tornaram', 'móveis', 'alto', 'valor', 'agregado', '.', 'partir', 'parcerias', 'designers', 'organizações', 'não', 'governamentais', '(', 'ONGs', ')', 'cooperativa', 'alcança', 'números', 'expressivos', 'realiza', 'comercialização', 'forma', 'nacional', 'internacional', '.', 'parcerias', 'designers', 'ONGs', 'cooperativa', 'confeccionou', 'cerca', '9', 'mil', 'peças', 'ano', 'passado', '.', 'Parabéns', 'Flona', 'Tapajós', 'mostrar', 'possível', 'unir', 'conservação', 'biodiversidade', 'desenvolvimento', 'socioeconômico', 'forma', 'sustentável', '!', '#', 'DiaInternacionalDasFlorestas', '#', 'FlonaTapajós', '#', 'Sustentabilidade', '#', 'Conservação', '#', 'Bioeconomia', '#', 'ICMBio', '#', 'MMA']",['irrelevante']
"['Hoje', 'Dia', 'Internacional', 'Florestas', '.', 'tema', 'especialmente', 'importante', 'país', 'Brasil', 'abriga', 'diversidade', 'cultural', 'biológica', 'únicas', 'mundo', '.', 'lidar', 'tamanha', 'responsabilidade', 'MMA', 'faz', 'anúncio', 'especial', ':', 'nomeada', 'hoje', 'secretária', 'Nacional', 'Biodiversidade', 'Florestas', 'Direitos', 'Animais', 'bióloga', 'Rita', 'Mesquita', '.', 'Pesquisadora', 'professora', 'gestora', 'dedicada', 'Amazônia', 'Rita', 'vai', 'liderar', 'reconstrução', 'políticas', 'gestão', 'biodiversidade', '.', '``', 'Nesse', 'dia', 'Florestas', 'recebo', 'alegria', 'nomeação', 'agradeço', 'confiança', 'ministra', 'Marina', 'Silva', ""''"", 'disse', '.', '``', 'trabalho', 'frente', 'agenda', 'agenda', 'positiva', 'pautada', 'construção', 'conjunta', 'novos', 'parâmetros', 'desenvolvimento', 'sustentável', ""''"", '.', 'Rita', 'assume', 'secretaria', 'deverá', 'liderar', 'pautas', 'estratégicas', 'falamos', 'proteger', 'florestas', ':', 'restauração', 'ecológica', 'áreas', 'protegidas', 'manejo', 'biodiversidade', 'animais', 'geração', 'renda', 'floresta', 'pé', '.', '1', '@', 'ibamagov', '2', 'Junio', 'Matos/', '@', 'pesquisa_fapesp']",['positivo']
"['ministra', '@', 'marinasilvaoficial', 'recebeu', 'nesta', 'terça-feira', 'Jose', 'Fernandez', 'subsecretário', 'Estado', 'Crescimento', 'Econômico', 'Energia', 'Meio', 'Ambiente', 'EUA', 'embaixadora', 'EUA', 'Brasil', 'Elizabeth', 'Bagley', '.', 'encontro', 'discutidas', 'questões', 'pesca', 'ilegal', 'poluição', 'plástico', 'cooperação', 'áreas', 'clima', 'combate', 'desmatamento', '.']",['positivo']
"['Conferência', '@', 'nacoesunidas', 'sobre', 'Água', 'começou', 'Nova', 'York', 'nesta', 'quarta-feira', 'Dia', 'Mundial', 'Água', '.', 'secretário', 'executivo', 'MMA', 'João', 'Paulo', 'Capobianco', 'chefia', 'delegação', 'brasileira', '.', 'sexta-feira', 'definidas', 'ações', 'conjuntas', 'alcançar', 'metas', 'internacionais', 'relacionadas', 'recursos', 'hídricos', '.', 'Conferência', 'deverá', 'lançar', 'Agenda', 'Ação', 'Água', 'compromissos', 'voluntários', 'governos', 'empresas', 'sociedade', 'civil', '.', '@', 'brazil_un']",['positivo']
"['Noruega', 'vai', 'apoiar', 'esforços', 'Brasil', 'mobilizar', 'novos', 'recursos', 'Fundo', 'Amazônia', 'anunciaram', 'ministros', 'Espen', 'Barth', 'Eide', 'Marina', 'Silva', 'após', 'encontro', 'Brasília', 'nesta', 'quarta-feira', '.', 'ministro', 'norueguês', 'destacou', 'compromisso', 'novo', 'governo', 'brasileiro', 'proteção', 'floresta', 'amazônica', 'inquestionável', '.', 'Espen', 'Barth', 'Eide', 'elogiou', 'resultados', '1ª', 'reunião', 'Comitê', 'Orientador', 'Fundo', 'Amazônia', 'paralisado', 'desde', '2019', 'estabeleceu', 'prioridade', 'apoio', 'indígenas', 'combate', 'crimes', 'ambientais', '.', 'Noruega', 'maior', 'doador', 'Fundo', 'R', '$', '3', 'bilhões', 'caixa', '.', '``', 'Noruega', 'profundamente', 'comprometida', 'permanecer', 'parceiro', 'próximo', 'longo', 'prazo', 'Brasil', ""''"", 'declarou', 'ministro', 'ressaltou', 'ainda', 'retomada', 'Plano', 'Prevenção', 'Controle', 'Desmatamento', 'Amazônia', '(', 'PPCDAm', ')', 'extinto', '2019', '.', 'Leia', 'declaração', 'conjunta', 'íntegra', 'site', 'MMA', '(', 'link', 'stories', ')', '.']",['positivo']
"['Hoje', 'Dia', 'Mundial', 'Água', '.', 'secretário', 'executivo', 'MMA', 'João', 'Paulo', 'Capobianco', 'chefia', 'delegação', 'brasileira', 'conferência', 'ONU', 'sobre', 'água', '.', 'acesso', 'água', 'saneamento', 'direitos', 'humanos', 'fundamentais', '.', 'governo', 'brasileiro', 'executa', 'políticas', 'participação', 'direta', 'permanente', 'diálogo', 'sociedade', 'civil', '.']",['positivo']
"['``', 'Fundo', 'Amazônia', 'invenção', 'brasileira', '.', 'Gostamos', 'modelo', 'desenvolvido', 'primeiro', 'mandato', 'Lula', '.', 'Vamos', 'continuar', 'apoio', 'tentar', 'mobilizar', 'novos', 'parceiros', ""''"", 'disse', 'ministro', 'Clima', 'Meio', 'Ambiente', 'Noruega', 'Espen', 'Barth', 'Eide', 'Marina', 'Silva', '.']",['positivo']
"['Veja', 'declaração', 'secretário', 'executivo', 'MMA', 'João', 'Paulo', 'Capobianco', 'segundo', 'dia', 'Conferência', 'Água', 'Nova', 'York', '.', 'Capobianco', 'chefe', 'delegação', 'brasileira', '.', 'conferência', 'não', 'ocorria', 'desde', '1977', 'desde', 'quarta-feira', 'debateu', 'ameaças', 'desafios', 'mundiais', 'gestão', 'água', '.']",['irrelevante']
"['Ibama', '@', 'policiafederal', 'destruíram', 'três', 'balsas', 'rebocador', 'usados', 'garimpeiros', 'ilegais', 'rio', 'Boia', 'entorno', 'Terras', 'Indígenas', 'Vale', 'Javari', 'Rio', 'Biá', 'Amazonas', 'nesta', 'sexta-feira', '(', '24/03', ')', '.', 'Após', 'abordagem', 'criminosos', 'fuga', 'afundaram', 'quarta', 'balsa', 'tentar', 'evitar', 'destruição', '.']",['positivo']
"['Discurso', 'secretário', 'executivo', 'MMA', 'João', 'Paulo', 'Capobianco', 'chefe', 'delegação', 'brasileira', 'durante', 'Conferência', '@', 'nacoesunidas', 'sobre', 'Água', '.']",['irrelevante']
"['ministra', 'Marina', 'Silva', 'ministro', 'Waldez', 'Góes', 'Rio', 'Branco', 'neste', 'domingo', '(', '26/3', ')', 'acompanhar', 'trabalho', 'apoio', 'população', 'áreas', 'alagadas', 'após', 'enxurrada', 'atinge', 'estado', 'Acre', '.', 'ministros', 'sobrevoaram', 'locais', 'atingidos', 'cheia', 'reuniram', 'técnicos', 'autoridades', 'locais', '.', 'menos', '25', 'mil', 'pessoas', 'desabrigadas', 'desalojadas', '.', 'nível', 'Rio', 'Acre', 'subiu', 'sete', 'metros', '.', 'Marina', 'Silva', 'destacou', 'trabalho', 'realizado', 'Defesa', 'Civil', 'Nacional', 'importância', 'integração', 'prefeituras', 'governo', 'Estado', '.', 'ministra', 'reforçou', 'compromisso', 'governo', 'Lula', 'aprimoramento', 'sistemas', 'alerta', 'monitoramento', 'áreas', 'risco', '.', 'Nesta', 'tarde', 'comitiva', 'segue', 'Manaus', '.', 'ministros', 'percorreram', 'áreas', 'alagadas', 'margens', 'Igarapé', 'Francisco', 'Escola', 'Sebastião', 'Pedroza', 'abriga', 'moradores', 'atingidos', 'Rio', 'Branco', '(', 'AC', ')', '.', 'Segundo', 'Painel', 'Intergovernamental', 'sobre', 'Mudanças', 'Climáticas', '(', 'IPCC', ')', 'cerca', '33', 'bilhões', 'pessoas', 'mundo', 'situação', 'vulnerável', 'mudança', 'clima', '.', 'última', 'década', 'possibilidade', 'pessoas', 'morrerem', 'razão', 'eventos', 'extremos', '15', 'vezes', 'maior', 'vivem', 'regiões', 'baixa', 'vulnerabilidade', '.', '@', 'mdregional_br']",['negativo']
"['``', 'necessário', 'plano', 'prevenção', 'efeitos', 'extremos', 'mudança', 'clima', 'possível', 'parceria', 'governos', 'estadual', 'municipal', 'federal', '.', 'Ninguém', 'dá', 'conta', 'problema', 'dessa', 'magnitude', 'sozinho', ""''"", 'disse', 'ministra', 'Marina', 'Silva', 'Rio', 'Branco', 'Waldez', 'Góes', '.', 'Segundo', 'Painel', 'Intergovernamental', 'sobre', 'Mudanças', 'Climáticas', '(', 'IPCC', ')', 'cerca', '33', 'bilhões', 'pessoas', 'mundo', 'situação', 'vulnerável', 'mudança', 'clima', '.', 'última', 'década', 'possibilidade', 'pessoas', 'morrerem', 'razão', 'eventos', 'extremos', '15', 'vezes', 'maior', 'vivem', 'regiões', 'baixa', 'vulnerabilidade', '.']",['positivo']
"['capital', 'Acre', 'comitiva', 'governo', 'federal', 'seguiu', 'Manaus', 'tarde', 'deste', 'domingo', '(', '26/03', ')', '.', 'ministros', 'Marina', 'Silva', 'Waldez', 'Góes', 'conheceram', 'Centro', 'Cooperação', 'Manaus', 'faz', 'monitoramento', 'situações', 'crise', 'cidade', '.', 'bairro', 'Jorge', 'Teixeira', 'onde', 'oito', 'pessoas', 'morreram', 'outras', 'ficaram', 'desabrigadas', 'após', 'deslizamento', 'terra', '.', 'Marina', 'reiterou', 'necessidade', 'criar', 'mecanismo', 'decretar', 'estado', 'permanente', 'emergência', 'climática', 'municípios', 'vulneráveis', 'mudança', 'clima', 'seguindo', 'avaliação', 'Cemaden', '.', 'Ângelo', 'Miguel/', '@', 'mdregional_br']",['negativo']
"['ministra', 'Meio', 'Ambiente', 'Mudança', 'Clima', 'Marina', 'Silva', 'encaminhou', 'ofício', '@', 'mjsp_gov', 'solicitando', 'apuração', 'criminal', 'identificar', 'responsabilizar', 'caçadores', 'mataram', 'duas', 'onças-pintadas', 'exibiram', 'cabeças', 'decepadas', 'lado', 'filhote', 'sob', 'tortura', '.', 'Veja', 'nota', 'íntegra', 'site', 'MMA', '(', 'link', 'stories', ')', '.']",['positivo']
"['Ministério', 'Cultura', '(', '@', 'minc', ')', 'voltou', 'esplanada', 'MMA', 'agora', 'Ministério', 'Meio', 'Ambiente', 'Mudança', 'Clima', '.', 'ministras', 'Margareth', 'Menezes', 'Marina', 'Silva', 'primeira-dama', 'Janja', 'participaram', 'inauguração', 'nova', 'fachada', 'nesta', 'quarta-feira', '(', '29/3', ')', '.']",['irrelevante']
"['MMA', 'voltou', '@', 'minc', '!']",['positivo']
"['MMA', '@', 'minpovosindigenas', 'planejam', 'parcerias', 'ações', 'abril', 'indígena', '.', 'MMA', 'vai', 'apoiar', 'Acampamento', 'Terra', 'Livre', '(', 'ATL', ')', 'tradicional', 'mobilização', 'indígena', 'ocorre', 'abril', 'envolve', 'etnias', 'todo', 'país', '.', 'ministras', 'avaliaram', 'resultados', 'ações', 'proteção', 'Terras', 'Indígenas', 'processo', 'retomada', 'TI', 'Yanomami', 'Roraima', '.', 'abordada', 'destinação', '57', 'milhões', 'hectares', 'florestas', 'públicas', 'Amazônia', '.']",['positivo']
"['Hoje', 'Parque', 'Nacional', 'Serra', 'Canastra', '(', '@', 'parnacanastra', ')', 'comemora', '51', 'anos', '!', 'Criado', '1972', 'Parque', 'fica', 'sudoeste', 'Minas', 'Gerais', 'quase', '200', 'mil', 'hectares', 'Cerrado', 'protegido', 'paisagens', 'espetaculares', '.', 'Dentro', 'Parque', 'localizada', 'nascente', 'rios', 'importantes', 'Brasil', 'Francisco', '.', 'Parque', 'lar', 'inúmeras', 'espécies', 'lobo-guará', '(', 'Chrysocyon', 'brachyurus', ')', 'veado-campeiro', '(', 'Ozotoceros', 'bezoarticus', ')', 'tesoura-do-brejo', '(', 'Gubernetes', 'yetapa', ')', '(', 'fotos', '1', '3', '5', ')', '.', 'moradores', 'ilustres', 'pato-mergulhão', '(', 'Mergus', 'octosetaceus', ')', 'espécies', 'aves', 'ameaçadas', 'mundo', 'encontrado', 'poucos', 'locais', 'Brasil', '(', 'foto', '8', ')', '.', 'ave', 'vive', 'córregos', 'bem', 'preservados', 'cachoeiras', 'Canastra', '.', 'Parque', 'aberto', 'durante', 'todo', 'ano', 'gestão', '@', 'icmbio', 'cuida', 'Unidades', 'Conservação', 'federais', 'brasileiras', '.', 'visita', 'recomendada', 'meses', 'abril', 'outubro', 'chuvas', 'diminuem', '.', '@', 'marcosamend']",['irrelevante']
"['ministra', 'Marina', 'Silva', 'reuniu', 'seis', 'secretarias', 'MMA', 'quatro', 'instituições', 'vinculadas', '(', 'Ibama', 'ICMBio', 'SFB', 'ANA', ')', 'fazer', 'balanço', 'cem', 'dias', 'governo', 'planejamento', 'ano', '.', 'ações', 'apresentado', 'Plano', 'Ação', 'Prevenção', 'Controle', 'Desmatamento', 'Amazônia', '(', 'PPCDAm', ')', 'articula', 'atuação', '19', 'ministérios', 'entrará', 'consulta', 'pública', 'próxima', 'semana', ';', 'aumento', '219', '%', 'autos', 'infrações', 'contra', 'flora', '133', '%', 'apreensões', 'Amazônia', 'trimestre', 'comparação', 'média', 'período', 'quatro', 'anos', 'anteriores', '.', 'plano', 'governo', 'eixos', 'reconstrução', 'órgãos', 'ambientais', 'recuperação', 'participação', 'social', 'transição', 'economia', 'baixo', 'carbono', 'soluções', 'mitigação', 'adaptação', 'mudanças', 'climáticas', 'revogação', 'normas', 'causam', 'danos', 'meio', 'ambiente', 'retomada', 'agenda', 'internacional', 'clima', 'meio', 'ambiente', '.']",['positivo']
"['Multas', 'desmatamento', 'Amazônia', 'triplicaram', 'primeiro', 'trimestre', '2023', '.', 'número', 'autos', 'desmatamento', 'outras', 'infrações', 'contra', 'flora', 'Amazônia', 'janeiro', 'março', 'aumentou', '219', '%', 'relação', 'média', 'período', 'quatro', 'anos', 'anteriores', 'segundo', 'dados', '@', 'ibamagov', '.', 'apreensões', 'bens', 'produtos', 'relacionados', 'crimes', 'ambientais', 'alta', '133', '%', 'número', 'embargos', 'propriedades', 'cresceu', '93', '%', 'período', '.', 'medidas', 'descapitalizam', 'infratores', 'impedem', 'obtenham', 'financiamento', 'além', 'restringir', 'comércio', 'produtos', 'ilegais', '.', 'priorização', 'operações', 'região', 'amazônica', 'autuações', 'ambientais', 'aumentaram', '78', '%', 'todo', 'país', 'comparação', 'primeiro', 'trimestre', 'deste', 'ano', 'média', 'período', 'anos', '2019', '2022', '.', 'retomada', 'atribuições', 'Ibama', 'comando', 'combate', 'desmatamento', 'área', 'ambiental', 'decisivos', 'resultados', 'obtidos', 'apesar', 'baixo', 'número', 'fiscais', '.', 'mantidas', 'operações', 'retirar', 'invasores', 'terras', 'indígenas', 'executada', 'desde', 'dia', '6', 'fevereiro', 'território', 'Yanomami', 'resultou', 'momento', 'destruição', '285', 'acampamentos', 'garimpeiros', '8', 'aeronaves', '23', 'barcos', '3', 'tratores', '124', 'motores', '.', 'apreendidas', '22', 'toneladas', 'cassiterita', '21', 'mil', 'litros', 'combustível', '5', 'kg', 'mercúrio', 'outros', 'equipamentos', 'apoio', 'logístico', 'garimpo', '.', 'Bruno', 'Kelly/MMA']",['positivo']
"['#', 'OBrasilVoltou']",['irrelevante']
"['Avião', 'destruído', 'dois', 'homens', 'presos', 'operação', 'conjunta', '@', 'ibamagov', '@', 'prfoficial', '@', 'mindefesa', 'contra', 'garimpo', 'ilegal', 'Terra', 'Indígena', 'Yanomami', '.', 'ação', 'ocorreu', 'apoio', 'helicóptero', '@', 'marinhaoficial', 'meia', 'hora', 'após', 'fechamento', 'completo', 'espaço', 'aéreo', 'território', '.', 'Barreira', 'instalada', 'Ibama', 'rio', 'Uraricoera', 'principal', 'região', 'impede', 'entrada', 'garimpeiros', 'suprimentos', 'desde', '20', 'fevereiro', '.', 'Outra', 'operação', 'nesta', 'semana', 'apreendeu', '2', 'aeronaves', '14', 'toneladas', 'cassiterita', 'vários', 'equipamentos', '8', 'mil', 'litros', 'querosene', 'aviação', '.', 'embargadas', '16', 'pistas', 'pouso', '.', 'Empresas', 'distribuem', 'combustível', 'irregularmente', 'Roraima', 'multadas', 'R', '$', '126', 'milhões', '.', 'Desde', 'início', 'operações', 'destruídos', 'cerca', '300', 'acampamentos', 'garimpeiros', '9', 'aeronaves', 'dezenas', 'barcos', 'tratores', 'outros', 'equipamentos', 'usados', 'criminosos', '.', 'apreendidas', '30', 'toneladas', 'cassiterita', '20', 'mil', 'litros', 'combustível', '.']",['positivo']
"['``', '#', 'OBrasilVoltou', 'cuidar', 'biomas', 'sobretudo', 'maior', 'floresta', 'tropical', 'planeta', '.', ""''"", 'reunião', 'ministros', 'presidente', '@', 'lulaoficial', 'destacou', 'resultados', 'alcançados', '#', '100dias', 'governo', 'reforçou', 'compromissos', 'meio', 'ambiente', '.']",['positivo']
"['Reunião', 'MMA', '@', 'Mapa_Brasil', '@', 'mdagovbr', '.', 'novo', 'Plano', 'Safra', 'base', 'transição', 'agricultura', 'baixo', 'carbono', 'tendo', 'referência', 'programa', 'ABC', '.', 'Brasil', 'cada', 'vez', 'potência', 'ambiental', 'florestal', 'agrícola', '.', '#', 'OBrasilVoltou']",['positivo']
"['novo', 'Plano', 'Ação', 'Prevenção', 'Controle', 'Desmatamento', 'Amazônia', 'Legal', '(', 'PPCDAm', ')', 'consulta', 'pública', 'receberá', 'contribuições', '26/4', '.', 'portaria', 'assinada', 'nesta', 'segunda', '(', '10/4', ')', 'ministra', 'Marina', 'Silva', '.', 'plano', 'coordenado', 'MMA', 'participação', 'direta', 'outros', '12', 'ministérios', 'diversos', 'órgãos', 'federais', '.', 'meta', 'zerar', 'desmatamento', 'Amazônia', '2030', '.', 'Lançado', '2004', 'PPCDAm', 'extinto', 'governo', 'anterior', '2019', '.', 'desmatamento', 'medido', '@', 'inpe.oficial', 'aumento', 'recorde', 'últimos', '4', 'anos', '.', '4', 'eixos', 'atuação', 'definidos', 'base', 'dados', 'atualizados', 'sobre', 'dinâmica', 'desmatamento', 'Amazônia', ':', '-', 'Atividades', 'Produtivas', 'Sustentáveis', '-', 'Monitoramento', 'Controle', 'Ambiental', '-', 'Ordenamento', 'Territorial', 'Fundiário', '-', 'Instrumentos', 'Normativos', 'Econômicos', 'Acesse', 'consulta', 'pública', 'documento', 'completo', 'stories', 'site', 'MMA', '(', 'mma.gov.br', ')', '.']",['positivo']
"['Operação', 'Metaverso', 'desmonta', 'fraude', 'esquentar', 'madeira', 'ilegal', '.', '@', 'ibamagov', 'excluiu', '12', 'milhão', 'm³', 'produtos', 'madeireiros', 'créditos', 'fraudulentos', 'sistema', '.', 'Caso', 'utilizados', 'poderiam', '``', 'legalizar', ""''"", 'volume', 'equivalente', '60', 'mil', 'caminhões', 'carregados', '.', 'maior', 'bloqueio', 'realizado', '.', 'fraudes', 'frequentes', 'relacionadas', 'aprovação', 'planos', 'manejo', 'conversão', 'tora', 'madeira', 'serrada', 'espécies', 'autorizadas', 'extração', 'comercialização', 'uso', 'documento', 'várias', 'cargas', 'falta', 'baixa', 'créditos', 'após', 'comercialização', '.', 'Agentes', 'aplicaram', '23', 'autos', 'infração', 'totalizam', 'R', '$', '33', 'milhões', '.', 'fiscalizados', '21', 'empreendimentos', 'localizados', 'Distrito', 'Federal', 'oito', 'estados', ':', 'Acre', 'Amapá', 'Goiás', 'Mato', 'Grosso', 'Sul', 'Minas', 'Gerais', 'Pernambuco', 'Roraima', 'Tocantins', '.', 'ações', 'contra', 'fraudes', 'corte', 'ilegal', 'árvores', 'intensificadas', 'interromper', 'processo', 'destruição', 'Amazônia', 'herdado', 'gestão', 'anterior', '.', 'medidas', 'seguidas', 'ações', 'estruturantes', 'médio', 'longo', 'prazo', 'âmbito', 'Plano', 'Prevenção', 'Controle', 'Desmatamento', 'Amazônia', 'Legal', '(', 'PPCDAm', ')', 'consulta', 'pública', '.', 'matéria', 'completa', 'site', 'Ibama', '(', 'link', 'stories', ')', '.']",['positivo']
"['discurso', 'posse', '@', 'dilmarousseff', 'Novo', 'Banco', 'Desenvolvimento', 'presidente', '@', 'lulaoficial', 'reiterou', 'compromisso', 'governo', 'brasileiro', 'sustentabilidade', 'combate', 'crise', 'climática', '.', 'ministra', '@', 'marinasilvaoficial', 'acompanha', 'comitiva', 'brasileira', 'China', '.']",['positivo']
"['semana', '#', '100dias', 'veja', 'MMA', 'atuou', 'início', 'retomada', 'Terra', 'Indígena', 'Yanomami', 'desde', 'fevereiro', '.', 'território', 'invadido', 'milhares', 'garimpeiros', 'últimos', 'anos', '.', 'Divulgação/MMA', '#', 'OBrasilVoltou']",['irrelevante']
"['declaração', 'conjunta', 'assinada', 'Pequim', 'Brasil', 'China', 'comprometem', '``', 'ampliar', 'aprofundar', 'diversificar', 'cooperação', 'bilateral', 'questões', 'climáticas', ""''"", '.', 'documento', 'cita', 'colaboração', '``', 'apoio', 'eliminação', 'desmatamento', 'exploração', 'madeireira', 'ilegal', 'global', 'através', 'aplicação', 'efetiva', 'respectivas', 'leis', 'proibição', 'importações', 'exportações', 'ilegais', ""''"", '.', 'cooperação', 'desenvolvimento', 'compartilhamento', 'tecnologias', 'incluindo', 'novo', 'satélite', 'CBERS', '6', 'permitirá', 'melhor', 'monitoramento', 'cobertura', 'florestal', '.', 'intercâmbio', 'conhecimentos', 'melhores', 'práticas', 'outras', 'formas', 'cooperação', 'conservação', 'manejo', 'sustentável', 'florestas', 'regeneração', 'reflorestamento', 'áreas', 'degradadas', '.', 'declaração', 'China', 'apoia', 'candidatura', 'Brasil', 'sediar', 'COP30', '.', 'documento', 'cria', 'Subcomitê', 'Meio', 'Ambiente', 'Mudança', 'Climática', 'sob', 'Comitê', 'Coordenação', 'Cooperação', 'Alto', 'Nível', 'China-Brasil', '(', 'COSBAN', ')', '.', 'países', 'vão', 'cooperar', 'transição', 'economia', 'global', 'sustentável', 'baixo', 'carbono', ';', 'cidades', 'inteligentes', ';', 'infraestrutura', 'verde', ';', 'desenvolvimento', 'indústrias', 'verdes', ';', 'energias', 'renováveis', 'incluindo', 'acesso', 'apoio', 'comunidades', 'isoladas', ';', 'mobilidade', 'elétrica', ';', 'inovação', 'pesquisa', 'desenvolvimento', 'tecnologias', 'verdes', ';', 'finanças', 'investimentos', 'verdes', '.', 'Leia', 'documento', 'completo', 'site', 'MMA', '(', 'link', 'stories', ')', '.']",['positivo']
"['``', 'Brasil', 'China', 'ampla', 'cooperação', 'transição', 'energética', 'proteção', 'florestas', 'rastreabilidade', 'commodities', ""''"", 'disse', '@', 'marinasilvaoficial', 'Pequim', '.', 'países', 'anunciaram', 'criação', 'Subcomitê', 'Meio', 'Ambiente', 'Mudança', 'Climática', 'âmbito', 'cooperação', 'bilateral', '.', 'discurso', 'ministra', 'destacou', 'colaboração', 'combater', 'crimes', 'ambientais', 'impedimento', 'acesso', 'mercados', 'produtos', 'origem', 'devastação', 'ambiental', 'outros', 'temas', '.', 'citou', 'experiência', 'chinesa', 'restauração', '70', 'milhões', 'ha', 'áreas', 'degradadas', '.', 'Marina', 'ressaltou', 'transversalidade', 'políticas', 'ambientais', 'novo', 'governo', 'papel', 'dois', 'países', 'desenvolvimento', ':', ""''"", 'declaração', 'ressalta', 'visão', 'ampla', '.', 'países', 'podem', 'dar', 'grande', 'contribuição', 'cooperação', 'Sul-Sul', 'alcance', 'objetivos', 'Acordo', 'Paris', '.', ""''"", 'China', 'apoia', 'candidatura', 'Brasil', 'sede', 'COP30', 'realizada', '2025', '.', '``', 'mundo', 'inteiro', 'ganha', 'volta', 'protagonismo', 'Brasil', 'retomada', 'entendimento', 'cooperação', 'China', '.', ""''"", 'Veja', 'matéria', 'completa', 'site', 'MMA', '(', 'link', 'stories', ')', '.', 'Divulgação/Planalto']",['positivo']
"['@', 'ibamagov', 'apreende', 'três', 'mil', 'cabeças', 'gado', 'áreas', 'embargadas', 'Amazônia', '.', 'áreas', 'desmatadas', 'ilegalmente', 'não', 'podem', 'usadas', '.', 'total', '27', 'pessoas', 'receberam', 'notificações', 'descumprimento', 'embargo', 'deverão', 'retirar', 'gado', 'área', '25', 'mil', 'hectares', '.', '“', 'Ibama', 'permanecerá', 'agindo', 'rigor', 'nesses', 'locais', 'enquanto', 'desmatamento', 'ilegal', 'não', 'interrompido', '.', 'alertas', 'monitoramento', 'satélite', 'indicarem', 'novas', 'áreas', 'críticas', 'operação', 'ampliada', '”', 'disse', 'presidente', 'órgão', 'Rodrigo', 'Agostinho', '.', 'bloqueio', 'atividades', 'produtivas', 'objetivo', 'recuperação', 'floresta', '.', 'Descumprir', 'embargo', 'configura', 'novo', 'crime', 'ambiental', '.', 'Caso', 'irregularidades', 'permaneçam', 'aplicadas', 'novas', 'multas', 'rebanhos', 'poderão', 'apreendidos', 'destinados', 'programas', 'sociais', '.', 'ações', 'contra', 'crimes', 'ambientais', 'intensificadas', 'interromper', 'processo', 'destruição', 'Amazônia', 'herdado', 'gestão', 'anterior', '.', 'medidas', 'seguidas', 'ações', 'estruturantes', 'médio', 'longo', 'prazo', 'âmbito', 'PPCDAm', 'consulta', 'pública', '.', 'operação', 'Retomada', 'ocorre', 'inicialmente', 'municípios', 'Lábrea', 'Manicoré', 'Amazonas', 'Pacajá', 'Pará', 'regiões', 'grande', 'concentração', 'desmatamento', '.', 'apoio', '@', 'prfoficial', 'Força', 'Nacional', '.', 'Veja', 'matéria', 'completa', 'site', 'Ibama', '(', 'link', 'stories', ')', '.']",['positivo']
"['ministra', 'Marina', 'Silva', 'recebeu', 'ministro', '@', 'foreignanddevelopmentoffice', 'Zac', 'Goldsmith', 'tratar', 'fortalecimento', 'cooperação', 'Brasil', 'Reino', 'Unido', 'agendas', 'clima', 'biodiversidade', 'proteção', 'comunidades', 'tradicionais', '.', '“', 'comprometidos', 'trabalhar', 'Brasil', 'comunidade', 'internacional', 'elaboração', 'pacote', 'iniciativas', 'integrando', 'parceiros', 'públicos', 'privados', 'atenda', 'desafios', 'apresentados', 'COP28', '”', 'disse', 'Goldsmith', 'durante', 'encontro', '.', 'Marina', 'destacou', 'resultados', 'Ibama', 'Amazônia', 'primeiro', 'trimestre', 'citando', 'aumento', '219', '%', 'multas', '93', '%', 'embargos', 'áreas', 'desmatamento', 'ilegal', 'outros', 'crimes', 'ambientais', '133', '%', 'apreensões', 'bens', 'equipamentos', '.', 'equipe', 'MMA', 'apresentou', 'algumas', 'principais', 'ações', 'realizadas', 'primeiros', '100', 'dias', 'novo', 'PPCDAm', 'fortalecimento', 'Ibama', 'ação', 'integrada', 'Terra', 'Indígena', 'Yanomami', 'retomada', 'diálogo', 'comunidades', 'tradicionais', '.']",['positivo']
"['MMA', '@', 'governopara', 'assinaram', 'nesta', 'terça-feira', '(', '18/4', ')', 'três', 'portarias', '.', 'parceria', 'objetivo', 'fortalecer', 'integração', 'controle', 'fiscalização', 'áreas', 'críticas', 'desmatamento', 'crimes', 'ambientais', 'Pará', '.', 'governador', 'Helder', 'Barbalho', 'ressaltou', 'trabalho', 'MMA', 'destacou', 'esforço', 'estado', 'transição', 'econômica', 'sustentabilidade', '.', '``', 'resolvermos', 'questão', 'Pará', 'resolvemos', 'grande', 'parte', 'dificuldades', 'toda', 'Amazônia', 'Brasil', '.', ""''"", 'ministra', 'Marina', 'Silva', 'destacou', 'colaboração', '.', '``', 'trabalho', 'equipes', 'vêm', 'fazendo', '.', 'Queremos', 'reconhecer', 'boas', 'práticas', '.', 'têm', 'bons', 'resultados', 'precisam', 'liderar', 'exemplo', 'outros', 'possam', 'acompanhar', '.', ""''"", '1ª', 'portaria', 'institui', 'GT', 'missão', 'coordenar', 'ações', 'estratégicas', 'ordenamento', 'territorial', 'fundiário', 'fiscalização', 'ambiental', 'áreas', 'críticas', 'desmatamento', 'degradação', 'florestal', 'Estado', 'Pará', '.', 'Outra', 'portaria', 'institui', 'GT', 'propor', 'medidas', 'otimizem', 'uso', 'Cadastro', 'Ambiental', 'Rural', '(', 'CAR', ')', 'instrumento', 'gestão', 'ambiental', 'Estado', '.', 'CAR', 'pode', 'apoiar', 'programas', 'monitoramento', 'controle', 'desmatamento', 'degradação', 'ilegais', 'guiar', 'incentivos', 'econômicos', '.', 'terceira', 'portaria', 'cria', 'GT', 'integrar', 'sistema', 'controle', 'madeireiro', 'Pará', '(', 'SISFlora', ')', 'SINAFlor', 'nacional', 'sob', 'gestão', '@', 'ibamagov', '.', 'ação', 'vai', 'facilitar', 'troca', 'informações', 'gerar', 'banco', 'dados', 'unificado', 'atuar', 'rastreabilidade', 'monitoramento', '.', '``', 'assinatura', 'papel', 'quero', 'fique', 'inscrita', 'DNA', 'cada', 'árvore', 'preservada', 'cada', 'espécie', 'biodiversidade', 'preservada', 'cada', 'comunidade', 'tradicional', 'indígena', 'respeitada', 'região', ""''"", 'resumiu', 'ministra', '@', 'marinasilvaoficial', '.']",['positivo']
"['novo', 'Plano', 'Safra', 'deverá', 'base', 'transição', 'agricultura', 'baixo', 'carbono', '.', 'Brasil', 'pode', 'potência', 'ambiental', 'florestal', 'agrícola', '.', 'pauta', 'encontro', 'MMA', '@', 'mdagovbr', '@', 'min.fazenda', '@', 'mapa_brasil', '.']",['positivo']
"['19', 'abril', 'dia', 'Nacional', 'Povos', 'Indígenas', '.', '#', 'brasiléterraindígena', '#', 'nuncamaisumbrasilsemnós']",['irrelevante']
"['19', 'abril', 'dia', 'Nacional', 'Povos', 'Indígenas', '.', 'Após', '4', 'anos', 'MMA', 'abre', 'portas', 'Povos', 'Indígenas', 'protetores', 'biodiversidade', '.', 'tarefas', 'Secretaria', 'Nacional', 'Povos', 'Comunidades', 'Tradicionais', 'Desenvolvimento', 'Rural', 'Sustentável', 'criada', 'decreto', '1⁰', 'janeiro', '.', 'MMA', 'parceiro', 'Povos', 'Indígenas', 'defende', 'participação', 'qualificada', 'elaboração', 'execução', 'políticas', 'públicas', '.', 'Defende', 'garantidas', 'condições', 'fundamentais', 'sobrevivência', 'física', 'cultural', 'direito', 'vida', 'digna', '.', 'indispensável', 'garantir', 'regularização', 'fundiária', 'desintrusão', 'terras', '.', 'territórios', 'indígenas', 'têm', 'papel', 'central', 'manutenção', 'biodiversidade', 'todo', 'mundo', 'principalmente', 'país', 'maior', 'riqueza', 'biológica', '.', 'Protegê-los', 'harmonia', 'proteção', 'espécies', 'clima', 'planeta', '.', 'Além', 'atendimento', 'grande', 'demanda', 'reprimida', 'escuta', 'diálogo', 'apoio', 'MMA', 'atuado', 'firmemente', 'combatendo', 'ilícitos', 'diversos', 'territórios', '.', 'últimos', 'meses', 'outros', 'órgãos', 'federais', 'intenso', 'trabalho', 'sido', 'realizado', 'retomada', 'Terra', 'Indígena', 'Yanomami', '.', 'Além', 'controle', 'rio', 'Uraricoera', 'seguidas', 'operações', 'levaram', 'prejuízos', 'operações', 'garimpo', 'ilegal', 'descapitalizando', 'criminosos', 'interrompendo', 'logística', '.', '6/2', '18/4', 'aplicados', '30', 'autos', 'infração', 'totalizando', '55', 'milhões', 'multas', '.', 'apreendidos', 'destruídos', 'dentre', 'outros', ':', '-', '13', 'aviões', '-', '24', 'barcos', '-', '312', 'acampamentos', '-', '3', 'tratores/PCs', '-', '188', 'motores', 'motobombas', '-', '36', 'ton', 'cassiterita', '-', '26', 'mil', 'litros', 'combustível', 'MMA', 'movimento', 'indígena', 'lideranças', 'organizações', 'reconhecidos', 'interlocutores', 'legítimos', 'destacando-se', 'significativa', 'participação', 'construção', 'execução', 'políticas', 'governo', '.', 'reconhecimento', 'pleno', 'respeito', 'direitos', 'humanos', 'constitucionais', 'socioambientais', 'indígenas', 'bem', 'direitos', 'fundiários', 'fundamentais', 'aperfeiçoamento', 'democracia', 'brasileira', 'resgatar', 'dívida', 'histórica', 'povos', '.', ':', '1', '4', '7-', 'Paulo', 'Araújo/MMA', '2', '6', '-', 'Bruno', 'Kelly/MMA', '3', '-', 'Pedro', 'Magalhães/APIB', '5', '8', '-', 'Divulgação/MMA']",['positivo']
"['ministra', 'Meio', 'Ambiente', 'Mudança', 'Clima', 'Marina', 'Silva', 'afirmou', 'discurso', 'noite', 'desta', 'quarta-feira', '(', '19/4', ')', 'Buenos', 'Aires', 'Argentina', 'Brasil', 'perdeu', 'quatro', 'anos', 'implementação', 'Acordo', 'Escazú', 'decisão', 'governo', 'anterior', 'não', 'encaminhar', 'tratado', 'ratificação', 'Congresso', '.', 'Marina', 'participou', '2ª', 'Reunião', 'Conferência', 'Partes', '(', 'COP-2', ')', 'Acordo', 'Escazú', 'ratificado', '15', 'países', 'América', 'Latina', '.', 'primeiro', 'tratado', 'regional', 'foco', 'específico', 'meio', 'ambiente', 'direitos', 'humanos', '.', 'Brasil', 'assinou', 'acordo', '2018', 'após', 'amplo', 'processo', 'participação', 'sociedade', 'não', 'avanço', 'últimos', 'quatros', 'anos', '.', 'entregas', '100', 'primeiros', 'dias', 'atual', 'gestão', 'envio', 'acordo', 'Congresso', 'aval', 'pastas', 'Meio', 'Ambiente', 'Diretos', 'Humanos', 'Cidadania', 'Povos', 'Indígenas', 'Relações', 'Exteriores', '.', 'construção', 'Acordo', 'Escazú', 'ligada', 'Conferências', 'Rio92', 'Rio+20', 'realizadas', 'Rio', 'Janeiro', '.', 'Trata-se', 'instrumento', 'jurídico', 'pioneiro', 'proteção', 'ambiental', 'direitos', 'humanos', 'pacto', 'regional', 'promoção', 'justiça', 'ambiental', 'climática', '.', '``', 'aqui', 'trazendo', 'mensagem', 'presidente', 'Lula', 'coloca', 'questão', 'climática', 'alto', 'nível', 'prioridade', 'compromete', 'alcançar', 'desmatamento', 'zero', 'Amazônia', '2030', 'quer', 'fortalecer', 'democracia', 'combater', 'desigulagade', 'criando', 'novo', 'ciclo', 'prosperidade', 'sustentabilidade', 'econômica', 'social', 'ambiental', 'política', 'ética', ""''"", 'discursou', 'Marina', '.', '``', 'Graças', 'Deus', 'Lula', 'voltou', '.', 'Graças', 'Deus', 'Marina', 'voltou', 'cuidam', 'Amazônia', '.', 'Graças', 'Deus', 'governo', 'Brasil', 'aberto', 'observa', 'discussão', 'mudança', 'clima', 'não', 'discussão', 'mentirosa', 'tremenda', 'crise', 'humanidade', ""''"", 'disse', 'presidente', 'Argentina', 'Alberto', 'Fernández', '.']",['negativo']
"['Termina', 'hoje', 'Buenos', 'Aires', 'COP', '2', 'Acordo', 'Escazú', '.', 'ministra', 'Marina', 'Silva', 'representou', 'governo', 'brasileiro', 'encontros', 'representantes', 'governo', 'argentino', 'uruguaio', 'além', 'discursar', 'evento', 'principal', '(', 'vídeo', 'íntegra', 'post', 'anterior', ')', '.', '``', 'aqui', 'trazendo', 'mensagem', 'presidente', 'Lula', 'coloca', 'questão', 'climática', 'alto', 'nível', 'prioridade', 'compromete', 'alcançar', 'desmatamento', 'zero', 'Amazônia', '2030', 'quer', 'fortalecer', 'democracia', 'combater', 'desigulagade', 'criando', 'novo', 'ciclo', 'prosperidade', 'sustentabilidade', 'econômica', 'social', 'ambiental', 'política', 'ética', ""''"", 'discursou', 'Marina', '.', 'Marina', 'sugeriu', 'realização', 'encontro', 'ministros', 'Meio', 'Ambiente', 'Mercosul', 'durante', 'cúpula', 'prevista', 'julho', 'ministro', 'argentino', 'apoiou', 'proposta', '.', 'Argentina', 'preside', 'Mercosul', 'Brasil', 'assumirá', 'coordenação', 'próximo', 'semestre', '.', 'construção', 'Acordo', 'Escazú', 'ligada', 'Conferências', 'Rio92', 'Rio+20', 'realizadas', 'Rio', 'Janeiro', '.', 'Trata-se', 'instrumento', 'jurídico', 'pioneiro', 'proteção', 'ambiental', 'direitos', 'humanos', 'pacto', 'regional', 'promoção', 'justiça', 'ambiental', 'climática', '.', '1-', 'Juan', 'Cabandié', 'ministro', 'Meio', 'Ambiente', 'Desenvolvimento', 'Sustentável', 'Argentina', '2-', 'Robert', 'Bouvier', 'ministro', 'Meio', 'Ambiente', 'Uruguai', '3', 'Gabriel', 'Katopodis', 'ministro', 'Obras', 'Públicas', 'Argentina', '4-', 'Cecilia', 'Nicolini', 'secretária', 'Mudanças', 'Climáticas', 'Desenvolvimentos', 'Dustentável', 'Inovação', 'Argentina']",['irrelevante']
"['governo', 'Estados', 'Unidos', 'anunciou', 'doação', 'R', '$', '25', 'bilhões', 'Fundo', 'Amazônia', '.', 'pacote', 'inclui', 'recursos', 'outras', 'iniciativas', 'combate', 'desmatamento', 'reflorestamento', 'mitigação', 'mudança', 'clima', '.', 'discurso', 'encontro', 'Major', 'Economies', 'Forum', 'onde', 'feito', 'anúncio', 'presidente', 'Lula', 'falou', 'sobre', 'compromisso', 'governo', 'brasileiro', 'acabar', 'desmatamento', 'promover', 'economia', 'sustentável', 'Amazônia', '.', 'Passe', 'lado', 'ver', '.', 'informações', 'site', 'MMA', '(', 'mma.gov.br', ')', '.', 'Link', 'stories', '.']",['positivo']
"['entrevista', 'após', 'anúncio', 'EUA', 'doação', 'R', '$', '25', 'bilhões', 'Fundo', 'Amazônia', 'Marina', 'Silva', 'explicou', 'negociações', 'nestes', '3', 'meses', 'recurso', 'usado', '.', 'ministra', 'conversou', 'Enviado', 'Especial', 'EUA', 'Clima', 'John', 'Kerry', 'pouco', 'antes', 'entrevista', 'disse', 'aporte', 'inédito', 'apenas', 'início', 'colaboração', '.', 'EUA', 'vão', 'ajudar', 'mobilizar', 'novas', 'parcerias', 'captar', 'recursos', 'diversas', 'fontes', 'objetivo', 'alcançar', 'US', '$', '2', 'bilhões', '.', '``', 'novo', 'paradigma', ""''"", 'disse', 'ministra', '.', 'Segundo', 'primeiros', 'dois', 'anos', 'parte', 'recursos', 'poderá', 'usada', 'combate', 'desmatamento', 'queimadas', 'apoio', 'situações', 'emergência', 'Terra', 'Indígena', 'Yanomami', 'ordenamento', 'territorial', 'fundiário', 'outras', 'ações', 'compromisso', 'fundo', 'volte', 'investir', 'pesquisa', 'ciência', 'tecnologia', 'inovação', 'projetos', 'desenvolvimento', 'sustentável', '.']",['positivo']
"['22', 'abril', 'Dia', 'Terra', '.', 'Após', '4', 'anos', 'destruição', 'MMA', 'voltou', 'proteger', 'biomas', 'Brasil', 'combater', 'desmatamento', 'promover', 'bioeconomia', 'agricultura', 'sustentável', '.', 'Desde', 'janeiro', '@', 'ibamagov', 'atua', 'reduzir', 'taxas', 'recorde', 'desmatamento', 'herdadas', 'gestão', 'anterior', '.', '1⁰', 'trimestre', 'multas', 'desmatamento', 'Amazônia', 'aumentaram', '219', '%', 'relação', 'média', 'período', 'últimos', '4', 'anos', '.', 'Embargos', 'apreensões', 'destruição', 'equipamentos', 'aumentaram', '93', '%', '133', '%', '192', '%', '.', 'realizadas', 'operações', 'fiscalizar', 'garimpos', 'invasão', 'áreas', 'protegidas', 'pecuária', 'área', 'desmatada', 'ilegalmente', 'fraudes', 'extração', 'madeira', 'outros', 'crimes', '.', 'TI', 'Yanomami', 'Ibama', 'iniciou', 'operação', 'retirar', 'invasores', 'controlar', 'acesso', 'território', '.', 'momento', 'destruídas', '20', 'aeronaves', '300', 'acampamentos', 'garimpeiros', 'centenas', 'motores', 'dezenas', 'barcos', 'tratores', '.', 'apreendidas', '35', 'toneladas', 'cassiterita', '26', 'mil', 'litros', 'combustível', 'outros', 'equipamentos', '.', 'Medidas', 'estruturantes', 'combate', 'desmatamento', 'sendo', 'desenvolvidas', 'âmbito', 'Plano', 'Prevenção', 'Controle', 'Desmatamento', 'Amazônia', 'Legal', '(', 'PPCDAm', ')', 'consulta', 'pública', '26', 'abril', '.', 'PPCDAm', 'vai', 'integrar', 'políticas', '19', 'ministérios', 'quatro', 'eixos', 'atuação', ':', 'atividades', 'produtivas', 'sustentáveis', 'monitoramento', 'controle', 'ambiental', 'ordenamento', 'territorial', 'fundiário', 'instrumentos', 'normativos', 'econômicos', '.', 'Fundo', 'Amazônia', 'restabelecido', 'vai', 'apoiar', 'ações', 'fiscalização', 'proteção', 'povos', 'indígenas', '.', 'Paralisado', '2019', 'R', '$', '3', 'bilhões', 'caixa', 'fundo', 'receberá', 'R', '$', '25', 'bi', 'governo', 'EUA', 'segundo', 'anúncio', 'feito', 'nesta', 'semana', 'R', '$', '200', 'milhões', 'Alemanha', '.', 'fundo', 'financiará', 'atividades', 'produtivas', 'floresta', 'pé', 'promovendo', 'pesquisa', 'desenvolvimento', 'tecnológico', 'transição', 'economia', 'florestal', 'sustentável', '.', 'Plano', 'Safra', 'processo', 'reformulação', 'tornar', 'agricultura', 'baixo', 'carbono', 'padrão', 'campo', '.', 'conjunto', '@', 'mapa_brasil', '@', 'mdagovbr', '@', 'min.fazenda', 'MMA', 'fixa', 'diretrizes', 'sustentáveis', 'principal', 'eixo', 'financiamento', 'produção', 'agrícola', 'país', '.']",['positivo']
"['ministra', 'Marina', 'Silva', 'recebeu', 'nesta', 'terça-feira', '(', '25/4', ')', 'presidente', 'Comissão', 'Meio', 'Ambiente', 'Desenvolvimento', 'Sustentável', 'Câmara', 'deputado', 'José', 'Priante', 'tratar', 'questões', 'relacionadas', 'pauta', 'ambiental', 'Congresso', '.', 'debatidos', 'temas', 'projetos', 'tramitam', 'Câmara', 'acordo', 'Mercosul-União', 'Europeia', '.']",['irrelevante']
"['``', 'orgulho', 'muitos', 'avanços', 'povos', 'indígenas', 'primeiros', '4', 'meses', 'governo', '.', 'vamos', 'seguir', 'juntas', 'porque', 'mesma', 'luta', '.', ""''"", 'Veja', 'mensagem', 'ministra', 'Marina', 'Silva', 'Plenária', 'Mulheres', 'Indígenas', 'Acampamento', 'Terra', 'Livre', '.']",['positivo']
"['ministra', 'Marina', 'Silva', 'voltou', 'origens', 'luta', 'juventudes', 'rurais', 'falou', 'hoje', 'sobre', 'diretrizes', 'novo', 'governo', 'evento', '4º', 'Festival', 'Nacional', 'Juventude', 'Rural', ':', 'Semeando', 'Resistência', 'Cultivando', 'Mundo', 'Novo', '.']",['positivo']
"['governo', 'federal', 'anunciou', 'nesta', 'sexta-feira', '(', '28/4', ')', 'Acampamento', 'Terra', 'Livre', '(', 'ATL', ')', 'homologação', 'seis', 'Terras', 'Indígenas', '(', 'TIs', ')', '.', 'homologação', 'último', 'ato', 'processo', 'demarcação', 'territórios', '.', 'presidente', 'Lula', 'assinou', 'atos', 'lado', 'ministra', 'Meio', 'Ambiente', 'Mudança', 'Clima', 'Marina', 'Silva', 'ministra', 'Povos', 'Indígenas', 'Sônia', 'Guajajara', 'presidente', 'Funai', 'Joênia', 'Wapichana', 'além', 'outros', 'representantes', 'governo', 'lideranças', 'indígenas', 'todo', 'Brasil', 'cacique', 'Raoni', 'deputada', 'federal', 'Célia', 'Xakriabá', '.', 'ATL', 'maior', 'mobilização', 'indígena', 'país', 'reuniu', 'milhares', 'pessoas', 'Brasília', 'longo', 'semana', '.', 'primeiras', 'TIs', 'demarcadas', 'desde', '2018', '.', 'governo', 'anterior', 'paralisou', 'tramitação', 'processos', '.', 'seis', 'TIs', ':', '-', 'TI', 'Arara', 'Rio', 'Amônia', 'Acre', '.', '-', 'TI', 'Kariri-Xocó', 'Alagoas', '.', '-', 'TI', 'Rio', 'Índios', 'Rio', 'Grande', 'Sul', '.', '-', 'TI', 'Tremembé', 'Barra', 'Mundaú', 'Ceará', '.', '-', 'TI', 'Uneiuxi', 'Amazonas', '.', '-', 'TI', 'Avá-Canoeiro', 'Goiás', '.']",['positivo']
"['Demarcação', 'Terras', 'Indígenas', 'desmatamento', 'zero', '2030', '.', 'recado', 'presidente', 'Lula', 'encerramento', 'Acampamento', 'Terra', 'Livre', '.']",['positivo']
"['Governo', 'Federal', 'determinou', 'reforço', 'ações', 'combate', 'garimpo', 'ilegal', 'Terra', 'Indígena', 'Yanomami', '.', 'Neste', 'domingo', 'presidente', 'Lula', 'convocou', 'reunião', 'emergência', 'razão', 'ataques', 'garimpeiros', 'indígenas', 'equipes', 'fiscalização', '.', 'segunda', 'imagem', 'armas', 'apreendidas', 'garimpeiros', 'após', 'ataques', 'domingo', '.', 'ministras', 'Marina', 'Silva', 'Sonia', 'Guajajara', '(', 'Povos', 'Indígenas', ')', 'Nísia', 'Trindade', '(', 'Saúde', ')', 'Roraima', '.', 'prevista', '16h30', '(', 'horário', 'local', '17h30', 'Brasília', ')', 'entrevista', 'coletiva', 'Auditório', 'Hangar', 'Base', 'Aérea', 'Boa', 'Vista', '.', 'informações', 'site', 'MMA', '(', 'link', 'stories', ')', '.']",['positivo']
"['ministras', 'Marina', 'Silva', 'Sonia', 'Guajajara', '(', 'Povos', 'Indígenas', ')', 'Nísia', 'Trindade', '(', 'Saúde', ')', 'Roraima', 'nesta', 'segunda-feira', '(', '1/5', ')', 'representantes', 'governo', 'federal', 'lideranças', 'Yanomami', 'acompanhar', 'ações', 'Terra', 'Indígena', '(', 'TI', ')', '.', 'ministras', 'reuniram', 'comandos', 'locais', 'parte', 'delegação', 'sobrevoou', 'regiões', 'afetadas', 'garimpo', '.', 'viagem', 'ocorre', 'dia', 'seguinte', 'reunião', 'emergência', 'convocada', 'presidente', 'Lula', 'após', 'ataques', 'indígenas', 'equipes', 'fiscalização', '.', 'entrevista', 'ministra', 'Marina', 'Silva', 'afirmou', 'não', 'haverá', 'recuo', ':', '``', 'ações', 'intensificadas', ""''"", 'declarou', '.', '``', 'operação', 'pacificação', 'terra', 'Yanomami', '.', 'não', 'acontece', 'forma', 'pacífica', 'função', 'ação', 'criminosos', '.', 'garimpeiros', 'criaram', 'problema', 'social', 'problema', 'ambiental', 'problema', 'destruição', 'povo', 'etnia', '.', 'crateras', 'abertas', 'insistência', 'permanecer', 'demonstração', 'existem', 'forças', 'poderosas', 'economicamente', 'trás', 'dessa', 'ação', 'criminosa', ""''"", 'afirmou', '.', 'presidente', '@', 'ibamagov', 'Rodrigo', 'Agostinho', 'disse', 'destruídos', '330', 'acampamentos', 'garimpeiros', '20', 'aeronaves', '3', 'meses', 'operação', '.', '``', 'orientação', 'intensificar', 'trabalho', 'acabar', 'vez', 'todas', 'ilegalidades', '.', 'Ibama', 'não', 'vai', 'sair', 'Terra', 'Yanomami', 'enquanto', 'não', 'esgotado', 'atividade', 'ilegal', 'região', '.', ""''"", '1234789', '-', 'MMA', '56', '-', 'MPI']",['positivo']
"['``', 'governo', 'não', 'vai', 'recuar', '.', 'ações', 'intensificadas', '.', 'Vamos', 'reforçar', 'equipes', 'Ibama', 'PRF', 'Polícia', 'Federal', 'suporte', 'Forças', 'Armadas', 'dar', 'resposta', 'altura', '.', ""''""]",['positivo']
"['governo', 'federal', 'publicou', 'portaria', 'nesta', 'terça-feira', '(', '2/5', ')', 'autoriza', 'concurso', 'público', '98', 'vagas', 'analista', 'ambiental', 'Ministério', 'Meio', 'Ambiente', 'Mudança', 'Clima', '.', 'cargo', 'exige', 'formação', 'nível', 'superior', '.', 'informações', 'site', 'MMA', ':', 'link', 'stories', '.']",['irrelevante']
"['governo', 'federal', 'realizou', 'ação', 'emergencial', 'território', 'Yanomami', 'Roraima', 'participação', 'MMA', '@', 'minpovosindigenas', '@', 'minsaude', 'três', 'indígenas', 'terem', 'sido', 'baleados', 'garimpeiros', 'ilegais', '.', 'Ilson', 'Xirixana', '36', 'anos', 'levou', 'tiro', 'cabeça', 'morreu', '.', 'atuava', 'agente', 'saúde', '.', 'Acabar', 'garimpo', 'ilegal', 'compromissos', 'governo', 'Brasil', '.', 'Muitos', 'desativados', 'parte', 'garimpeiros', 'clandestinos', 'resiste', 'violentamente', '.', 'Operação', 'Libertação', 'continuará', 'atuando', 'defender', 'direitos', 'povos', 'indígenas', 'combater', 'garimpo', 'ilegal', 'violência', 'território', '.', 'Audiovisual/PR']",['negativo']
"['ministra', 'Marina', 'Silva', 'recebeu', 'nesta', 'quarta-feira', '(', '3/5', ')', 'Brasília', 'Eve', 'Bazaiba', 'ministra', 'Meio', 'Ambiente', 'Conservação', 'Natureza', 'República', 'Democrática', 'Congo', '.', 'outros', 'temas', 'trataram', 'avanço', 'cooperação', 'trilateral', 'Indonésia', '.', 'Juntos', 'três', 'países', 'detêm', 'metade', 'florestas', 'tropicais', 'planeta', '.', 'abordado', 'fortalecimento', 'cooperação', 'bilateral', 'manejo', 'sustentável', 'florestas', 'bioeconomia', 'restauração', 'ecossistemas', '.']",['positivo']
"['Discurso', 'ministra', 'Marina', 'Silva', 'retomada', 'Conselho', 'Desenvolvimento', 'Econômico', 'Social', 'Sustentável', '(', 'CDESS', ')', '.']",['irrelevante']
"['governo', 'federal', 'retomou', 'Conselho', 'Desenvolvimento', 'Econômico', 'Social', 'Sustentável', '(', 'CDESS', ')', 'chamado', 'Conselhão', 'espaço', 'diálogo', 'sociedade', 'criado', '2003', 'havia', 'sido', 'desativado', '2019', '.', 'presidente', 'Luiz', 'Inácio', 'Lula', 'Silva', 'coordenou', 'nesta', 'quinta-feira', '(', '4/5', ')', 'Palácio', 'Itamaraty', 'primeira', 'reunião', 'grupo', '246', 'conselheiros', '.', '“', 'Nenhum', 'governo', 'competente', 'responsável', 'humanista', 'capaz', 'resolver', 'sozinho', 'problemas', 'país', '.', 'convocação', 'deste', 'conselho', 'outras', 'instâncias', 'participação', 'popular', '.', 'Além', 'desafios', 'fome', 'desigualdade', 'falo', 'urgências', 'ambientais', 'obrigam', 'horizonte', 'cada', 'vez', 'próximo', 'reduzir', 'emissões', 'carbono', 'zerar', 'desmatamento', 'Brasil', '”', 'disse', 'Lula', '.', 'grupo', 'vai', 'assessorar', 'presidente', 'formulação', 'políticas', 'diretrizes', 'destinadas', 'desenvolvimento', 'econômico', 'social', 'sustentável', '.', 'discurso', 'ministra', 'Marina', 'Silva', 'ressaltou', 'compromisso', 'todo', 'governo', 'agenda', 'sustentabilidade', ':', '``', 'Celebro', 'ideia', 'política', 'ambiental', 'transversal', 'topo', 'prioridade', 'governo', '.', 'fortalecimento', 'sistema', 'nacional', 'meio', 'ambiente', 'prioridade', '.', 'questão', 'sustentabilidade', 'perpassando', '19', 'ministérios', 'todos', 'setores', 'agenda', 'estratégica', '.', 'conselho', 'espaço', 'gente', 'possa', 'ter', 'visão', 'ampliada', '.', ""''"", '234', '-', 'MMA', '15', '-', 'Ricardo', 'Stuckert/PR']",['irrelevante']
"['Comunicado', 'ministra', 'Marina', 'Silva', 'sobre', 'escolha', 'presidente', 'ICMBio', ':', ""''"", 'instituído', 'fevereiro', 'Comitê', 'Busca', 'participação', 'seis', 'especialistas', 'conservação', 'ambiental', 'elaborar', 'lista', 'tríplice', 'objetivo', 'escolher', 'o/a', 'presidente', 'Instituto', 'Chico', 'Mendes', 'Conservação', 'Biodiversidade', '(', 'ICMBio', ')', '.', 'comitê', 'durante', 'período', '50', 'dias', 'analisou', '18', 'candidaturas', 'final', 'apresentou', 'seguinte', 'lista', 'tríplice', 'ordem', 'alfabética', ':', 'Alexander', 'Turra', 'Iara', 'Vasco', 'Ferreira', 'Mauro', 'Oliveira', 'Pires', 'todos', 'currículo', 'excelência', '.', 'Após', 'análise', 'resultado', 'apresentado', 'Comitê', 'Busca', 'escolhido', 'candidato', 'Mauro', 'Oliveira', 'Pires', 'analista', 'ambiental', 'ICMBio', '.', 'Agradeço', 'integrantes', 'comitê', 'valioso', 'trabalho', 'voluntário', 'assim', 'candidatos', 'candidatas', 'participação', 'processo', 'seletivo', '.', 'Nesta', 'ocasião', 'reconheço', 'agradeço', 'dedicado', 'trabalho', 'servidor', 'Marcelo', 'Marcelino', 'Oliveira', 'interinidade', 'presidência', 'ICMBio', '.', ""''"", 'Marina', 'Silva', 'Ministra', 'Estado', 'Meio', 'Ambiente', 'Mudança', 'Clima']",['irrelevante']
