"Legenda","Relevancia"
"Estande brasileiro na #COP27 pronto para receber visitantes do mundo todo e mostrar o protagonismo do nosso país na geração de energias verdes. O futuro da energia limpa é o presente do Brasil","positivo"
"#COP27 - O futuro da energia limpa é a realidade atual no Brasil 

Na a Conferência das Partes das Nações Unidas sobre Mudanças do Clima - #COP27 que será “a COP das energias” o Brasil vai mostrar ao mundo seu potencial de geração excedente de energias verdes. Quando o assunto é energia elétrica nossa matriz se destaca com um índice renovável de 84% frente aos 27% da média mundial.

 Confira a programação desta semana: https://bit.ly/3WFRCY4","positivo"
"O Protocolo de Montreal é um dos instrumentos ambientais mais mais bem sucedidos sendo responsável pela redução do consumo das Substâncias que Destroem o Ozônio (SDOs) e consequentemente pela diminuição do nível dessas substâncias lançadas na atmosfera.

A partir da ratificação o Brasil passa a ter acesso ao Fundo Multilateral do Protocolo de Montreal destinado à adequação de fabricantes aos novos parâmetros de redução no consumo de HFCs.

 Saiba mais: https://bit.ly/3fMTuO6","positivo"
"Começa amanhã (8) a programação oficial do pavilhão brasileiro na 27ª Conferência Climática das Nações Unidas #COP27 que ocorre em Sharm el-Sheikh no Egito. Os debates e painéis seguem até o dia 17 de novembro com transmissões ao vivo pelo YouTube do Ministério do Meio Ambiente.

O link da programação completa você encontra na bio.","positivo"
"Brasil na #COP27 – O estande do Brasil na 27ª Conferência das Nações Unidas sobre Mudança do Clima a COP 27 realizada em Sharm El-Sheik no Egito foi inaugurado oficialmente na terça-feira (8.11).

A abertura contou com a participação por parte do Governo Federal do ministro do Meio Ambiente Joaquim Leite por meio de videoconferência. A programação também teve a participação diretamente do Brasil do ministro da Educação Victor Godoy e do secretário-executivo do Ministério da Economia Marcelo Guaranys. 

 Confira a programação desta semana no link da bio.

 Saiba mais: https://bit.ly/3htyHzC","positivo"
"Brasil na #COP27 - A iniciativa Escolas +Verdes foi apresentada em painel que contou com a presença dos ministros do Meio Ambiente Joaquim Leite e da Educação Victor Godoy. Com esta ação o MMA irá instalar biodigestores e estimular a educação ambiental nas escolas. Além de gerar biogás e biofertilizante o projeto visa ensinar os estudantes de forma interdisciplinar.

 Confira a programação desta semana no link da bio.

 Saiba mais: https://bit.ly/3TmY6bm","positivo"
"Brasil na COP27 - O segundo dia de programação do Pavilhão Brasil na 27ª Conferência das Partes das Nações Unidas sobre Mudanças do Clima (COP27) foi marcado por painéis sobre a descarbonização na indústria; agricultura e clima; tecnologia e inovação impulsionando o futuro verde; e o programa Alimenta Brasil associado à sustentabilidade social.

 Confira a programação desta semana no link da bio.

 Saiba mais: https://bit.ly/3Tn3lb2","positivo"
"BRASIL NA #COP27

O novo Marco Legal do Saneamento Básico completou em julho dois anos. Os avanços do Brasil nessa temática estão sendo apresentados durante a COP27 no Egito. 

 Assista ao vídeo e saiba como a nova legislação representa uma revolução nos investimentos em saneamento básico no país.","irrelevante"
"Brasil na #COP27- Com um fundo de mais de R$ 130 milhões de reais Projeto Vertentes combate à desertificação promove melhoria do solo e diminuição de gases de efeito estufa.

O projeto alcançará mais de 47 milhões de hectares do Cerrado nos estados da Bahia Minas Gerais Goiás Mato Grosso Mato Grosso do Sul e Distrito Federal.

Saiba mais: https://bit.ly/3hCD5MO

Confira a programação completa da COP27 no link da bio.","positivo"
"BRASIL NA #COP27

O Brasil é uma potência na geração de energia elétrica com a maior participação de fontes renováveis do mundo. Na COP27 no Egito o país está mostrando ao mundo que tem capacidade para ser um grande exportador mundial de energia limpa.

O futuro da energia limpa é o presente do Brasil!

 Assista ao vídeo e saiba mais sobre a matriz elétrica brasileira.","positivo"
"Brasil na #COP27 - O Brasil poderá ser modelo global sobre como utilizar o solo e a terra agrícola como um depósito do carbono em uma agricultura positiva. A afirmação é do professor emérito da Ohio University Dr. Rattan Lal ganhador do Prêmio Nobel da Paz 2007 e do Prêmio mundial da agricultura 2020. A prática de uma agricultura regenerativa e uso de biofertilizantes na opinião de Lal pode fazer com que no futuro parte das terras usadas na agricultura possa ser devolvida à natureza.

 Saiba mais: https://bit.ly/3UF034A","irrelevante"
"Estão abertas as inscrições para 10 cursos na plataforma do Educa +!

Dois destes cursos são inéditos e tratam da temática de Bioeconomia “Patrimônio Genético e Conhecimentos Tradicionais Associados” e “Combate à biopirataria”. 

São 30 mil vagas e as inscrições podem ser realizadas até 23/11.

 Saiba mais: https://bit.ly/3O71xSt","irrelevante"
"Brasil na #COP27 - Óculos de realidade virtual faz sucesso no estande do Brasil na COP27 e leva visitantes para um tour pela Floresta Amazônica. Mais de mil pessoas de mais de 80 países já experimentaram a viagem à maior floresta tropical do planeta durante o evento no Egito.

 Assista o vídeo Amazônia 360 e viva essa experiência: https://bit.ly/3UNBbHV

 O futuro da energia limpa é o presente do Brasil!","irrelevante"
"Há três décadas trabalhando em prol da conservação preservação e do desenvolvimento sustentável.","positivo"
"Resultado de uma parceria entre o MMA @mturismo e @icmbio o manual conta com dados e informações sobre os aspectos históricos das trilhas de longo curso no mundo e no Brasil além de estudos e pesquisas secundárias sobre o perfil do público desse segmento. Traz ainda um levantamento das políticas públicas relacionadas ao Sistema Nacional de Trilhas do Brasil bem como as principais potencialidades desafios e oportunidades para desenvolvimento de produtos turísticos relacionados às Trilhas de Longo Curso.

 Saiba mais: https://bit.ly/3V65IRi","irrelevante"
"As iniciativas que mais se destacaram na Agenda Ambiental na Administração Pública (A3P) serão premiadas na próxima terça-feira (29) a partir das 9h da manhã com transmissão ao vivo pelo YouTube do Ministério do Meio Ambiente (MMA). Ao todo 94 projetos foram inscritos no 9º Prêmio Melhores Práticas de Sustentabilidade na Administração Pública que possui cinco categorias. Acompanhe as redes sociais do MMA e conheça todas as práticas; quem sabe uma delas não pode servir de inspiração para ser aplicada na sua cidade ou no órgão em que você trabalha?

 Acompanhe ao vivo: https://bit.ly/3GIlM7m

#A3P #Sustentabilidade #MMA #MeioAmbiente #Reciclagem #energialimpa","irrelevante"
"A Estratégia Nacional para Conservação de Espécies Ameaçadas de Extinção (Pró-Espécies) do MMA ultrapassou em mais de seis vezes a projeção inicial de sua área de atuação passando de nove milhões para 62 milhões de hectares em 2022. Essa ampliação foi possível graças à conclusão de 11 Planos de Ação Territoriais para Conservação de Espécies Ameaçadas de Extinção (PAT) que detalhou os limites de cada um dos 24 territórios contemplados na iniciativa.

Saiba mais: https://bit.ly/3VmTPWO

 Luiz Filipe Varella; Matheus Volcan; Rodrigo Lopes Ferreira","positivo"
"Durante a 19ª Conferência das Partes da Convenção sobre o Comércio Internacional de Espécies da Fauna e Flora Selvagens em Perigo de Extinção (CITES) no Panamá o Brasil foi proponente de importantes propostas que visam a proteção da biodiversidade. Estiveram nas pautas encabeçadas pelo Brasil as raias de água doce o peixe-zebra o jacaré-de-papo-amarelo as onças e a árvore que deu origem ao nome do nosso país o Pau-brasil. 
“Apresentamos a inclusão da espécie endêmica do país com intuito de fortalecer o controle sobre o comércio e extração ilegal dessa madeira nobre de remanescentes naturais da Mata Atlântica"" explica a secretária de Biodiversidade do MMA Julie Messias.

Saiba mais: https://bit.ly/3GMZHVf","positivo"
"O Ministério do Meio Ambiente premiou iniciativas de todo o país que se destacaram no quesito sustentabilidade. Os vencedores do 9º Prêmio Melhores Práticas de Sustentabilidade na Administração Pública (Prêmio A3P) foram revelados durante a realização do 12° Fórum e 9° Prêmio A3P realizado nesta terça-feira (29). Ao todo 92 projetos foram inscritos nas cinco categorias da premiação que incluem a gestão de resíduos; uso sustentável dos recursos naturais; inovação na gestão pública; destaque da rede A3P; e combate à poluição das águas.

Saiba mais: https://bit.ly/3OOdAV3","positivo"
"A partir de agora os órgãos gestores do Sistema Nacional de Unidades de Conservação da Natureza (SNUC) e a sociedade contam com uma nova plataforma do Cadastro Nacional de Unidades de Conservação (CNUC).

A nova plataforma do CNUC facilita o carregamento de arquivos georreferenciados e em diferentes projeções. Com isso a integração entre o CNUC e outros sistemas do governo federal será facilitada.

Uma das inovações dessa nova versão é com relação às Reservas Particular do Patrimônio Natural (RPPNs) sendo disponibilizado aos proprietários um perfil específico para que eles cadastrem e atualizem as informações sobre suas reservas.

#meioambiente #conservação #sistema #sustentabilidade","positivo"
"Aumento da eficiência a proteção dos direitos dos guardiões da biodiversidade e o fomento à pesquisa são conquistas da Lei Brasileira de Biodiversidade. E foram justamente esses e outros avanços da nossa legislação que despertaram o interesse de autoridades e representantes de diferentes países que assistiram ao painel comandado pelo Brasil durante a 15ª Conferência de Biodiversidade da ONU que acontece em Montreal no Canadá.

#biodiversidade #conservação #COP15 #PatrimônioNatural #PatrimônioGenético #fauna #flora","positivo"
"No evento o Brasil defendeu que o Quadro de Biodiversidade Global (GBF na sigla em inglês) deve ser guiado pelo senso renovado de cooperação e solidariedade internacional. Assim como houve uma defesa enfática da criação de um Fundo Global para o Clima durante a COP27 o Brasil propôs um Fundo Global de Biodiversidade como parte do esforço conjunto entre países desenvolvidos e nações em desenvolvimento para o cumprimento das metas.

“Propomos a criação de um fundo junto a 70 países ligado à convenção e que sirva para atender às particularidades de cada país ao alcance das metas estabelecidas. Fomos todos ambiciosos sobre as metas estabelecidas mas faltou ambição e engajamento dos países desenvolvidos sobre o tema de finanças. O valor apresentado de US$ 200 bilhões até 2025 e US$ 300 bilhões até 2030 não são suficientes para o êxito do Marco Global para a Biodiversidade” afirmou a Secretária de Biodiversidade do Ministério do Meio Ambiente Julie Messias.

 Saiba mais: https://bit.ly/3FIv3dp

#biodiversidade #conservação #COP15 #PatrimônioNatural #PatrimônioGenético #fauna #flora","irrelevante"
"Aguardado desde 2010 foi criado na última quinta-feira (22) pelo Governo Federal o sistema de logística reversa de embalagens de vidro. Decreto assinado pelo presidente Jair Bolsonaro estabelece metas diretrizes e responsabilidades para alavancar a reciclagem no Brasil. 

Confira os benefícios dessa medida:

 aumentará a reciclagem de vidro no país evitando o descarte inadequado no meio ambiente. Anualmente mais de 1 bilhão de garrafas descartáveis tem destinação inadequada no Brasil);

 contribuirá para a criação de empregos verdes preservação de recursos naturais e redução da poluição;

 medida ajuda no combate a doenças como dengue zika chikungunya e febre amarela urbana visto que as garrafas descartadas no meio ambiente ao receber água da chuva se tornam criadouros do mosquito Aedes Aegypti transmissor dessas doenças;

 promoverá aumento da eficiência energética na indústria e redução na emissão de gases de efeito estufa visto que quando o caco é reciclado utiliza 40% menos energia e não emite CO2;

 empresas poderão cumprir suas obrigações de forma simples e desburocratizada por meio do Recicla+ (leilão reverso onde as empresas adquirem certificado de crédito de reciclagem incentivando a reciclagem por meio de renda extra a agentes de reciclagem e operadores);

 reduz custo para os municípios e contribuintes com transporte e aterramento (menos peso no lixo comum) com retorno das embalagens para a reciclagem;

 decreto ajudará a cumprir metas nacionais como as estabelecidas no Plano Nacional de Resíduos Sólidos;

 contribuirá para atendimento de requisitos para acordos multilaterais (OCDE União Europeia etc);

 medida aguardada desde 2010 quando do lançamento da Política Nacional de Resíduos Sólidos representa mais um gol na agenda ambiental do governo federal;

 não representa nenhum custo para o governo e nenhum impacto no orçamento e finanças públicas. As ações serão realizadas pelo setor empresarial como já é feito no caso das embalagens retornáveis e em vários sistemas de logística reversa implantados no país (eletroeletrônicos medicamentos baterias automotivas etc.).

 Saiba mais: https://bit.ly/3WkMiZB","positivo"
"O MMA divulgou o resultado da seleção das instituições que farão parte do Projeto Salas +Verdes. A seleção foi realizada a partir da análise do Projeto Pedagógico submetido com base em critérios relacionados à prática de educação ambiental. A chamada pública teve 86 novas salas selecionadas. 

Acesse o nosso site e confira os selecionados:  https://bit.ly/3GmxDYp","irrelevante"
"RedeTrilhas teve a adesão da primeira trilha de longo curso aquática no Brasil. A rede busca conectar pontos de interesse do patrimônio natural e cultural brasileiro por meio de trilhas de longo curso em todo o país.

Acesse o nosso site e saiba mais sobre a RedeTrilhas:https://bit.ly/3Q5uFuh","positivo"
"Na solenidade a ministra destacou que a política ambiental será prioridade não apenas do MMA mas do governo como um todo e anunciou a criação de novas secretarias bem como a retomada de medidas essenciais para a proteção das florestas da biodiversidade e do desenvolvimento com sustentabilidade econômica social e cultural.

Saiba mais no link da bio!

#meioambiente #florestas #biodiversidade #mudançadoclima #SFB #ANA","positivo"
"O Decreto n° 11.372/23 que entrou em vigor no dia 2 de janeiro traz a reestruturação do Fundo Nacional do Meio Ambiente. Com o decreto do atual Presidente a estrutura passa a ter 21 integrantes retomando a participação de representantes de organizações ambientalistas e incluindo representantes de povos indígenas e de povos e comunidades tradicionais por meio do Ministério dos Povos Indígenas.

O Fundo Nacional do Meio Ambiente foi criado em 1989 com o objetivo desenvolver os projetos que visem ao uso racional e sustentável de recursos naturais incluindo a manutenção melhoria ou recuperação da qualidade ambiental.

Saiba mais no link da bio!","positivo"
"A ministra do Meio Ambiente e Mudança do Clima Marina Silva e a ministra alemã da Cooperação Econômica e Desenvolvimento Svenja Schulze anunciaram nesta segunda-feira (30/1) em Brasília um pacote que inclui o repasse pelo país europeu de 203 milhões de euros (R$ 11 bilhão) para ações socioambientais no Brasil. As medidas que deverão ser iniciadas nos próximos 100 dias tratam de políticas de desenvolvimento sustentável prevenção e combate ao desmatamento inclusão social com base na economia florestal promoção de ações afirmativas para produtos da bioeconomia e proteção de povos indígenas.","positivo"
"Agentes do Ibama iniciaram nesta segunda-feira (6/2) com apoio da Fundação Nacional dos Povos Indígenas (Funai) e da Força Nacional de Segurança Pública ações de fiscalização para proteger indígenas e combater o garimpo ilegal no território Yanomami em Roraima. Até o início da noite desta terça (7/2) haviam sido destruídos um helicóptero um avião um trator de esteira e estruturas de apoio logístico ao garimpo. Também foram apreendidas duas armas e três barcos com cerca de 5 mil litros de combustível.","positivo"
"O IBAMA VOLTOU","positivo"
"A ministra do Meio Ambiente e Mudança do Clima Marina Silva reuniu nesta quarta-feira (8/2) representantes de diversos ministérios e o vice-presidente Geraldo Alckmin para apresentar o novo arcabouço de combate ao desmatamento do governo federal. Foi a primeira reunião da Comissão Interministerial Permanente de Prevenção e Controle do Desmatamento e Queimadas criada pelo Decreto Federal 11.367 de 1º de janeiro.

A comissão será responsável por implementar o Programa de Prevenção e Controle do Desmatamento e Queimadas no Brasil (PPCD). A estrutura inicial foi apresentada no Planalto pelo secretário executivo do MMA João Paulo Capobianco que enfatizou o papel da Casa Civil na coordenação das ações.","positivo"
"""Não vai mais existir garimpo ilegal. Responsáveis serão punidos."" - presidente Lula.","positivo"
"Em comunicado conjunto divulgado nesta sexta-feira (10/2) em Washington nos EUA os presidentes Luiz Inácio Lula da Silva e Joe Biden ressaltaram que o fortalecimento da democracia a promoção do respeito aos direitos humanos e o enfrentamento da crise do clima estão no centro de sua agenda comum.

No documento os EUA anunciaram a intenção de “trabalhar com o Congresso para fornecer recursos para programas de proteção e conservação da Amazônia brasileira incluindo apoio inicial ao Fundo Amazônia e para alavancar investimentos nessa região muito importante”. O fundo estava paralisado desde 2019 com mais de R$ 3 bilhões em caixa após decisão do governo anterior e foi reativado por decreto do presidente Lula em 1º de janeiro.

Foto: Ricardo Stuckert","positivo"
"Com R$ 33 bilhões em caixa o Fundo Amazônia estava parado desde 2019 por decisão do governo anterior que extinguiu seu Comitê Orientador (COFA). O fundo foi reativado após decreto do presidente Luiz Inácio Lula da Silva de 1º de janeiro. A retomada será marcada inicialmente por ações de proteção a povos indígenas e de fortalecimento da fiscalização ambiental.

A política ambiental brasileira voltou” resumiu a ministra do Meio Ambiente e Mudança do Clima Marina Silva após o encontro na sede do Banco Nacional de Desenvolvimento Econômico e Social (BNDES) responsável pela gestão do fundo.

Foto: André Telles/Divulgação BNDES","positivo"
"Link para o decreto: bit.ly/DecretoCONAMA","irrelevante"
"Ibama e PF reforçaram a segurança da base federal na aldeia Palimiú na terra Indígena Yanomami após os ataques de quinta-feira.

A PF enviou agentes do GPI o Grupo de Pronta Intervenção.
Em três semanas foram destruídas 4 aeronaves dezenas de balsas e toneladas de cassiterita.

Os criminosos que atacaram a base tentavam fugir em 7 barcos com cerca de 15 toneladas de cassiterita minério roubado da terra indígena. A carga avaliada em R$ 15 milhão foi identificada por meio de drones operados pelo Ibama. Desde a instalação de uma barreira com cabos de aço no rio Uraricoera no último dia 20 nenhum barco carregado entrou na terra indígena. O ataque foi uma reação à efetividade ação e à retomada do território pelo Estado disse a ministra Marina Silva  A operação não tem prazo para terminar. Acabar com o garimpo ilegal é uma determinação do presidente Lula.","positivo"
"A praia do Sancho no Parque Nacional Marinho de Fernando de Noronha (@icmbionoronha) foi eleita a melhor praia do mundo em 2023 em votação popular. A lista é elaborada com base nas avaliações feitas por visitantes da Unidade.

""Para o ICMBio é muito gratificante saber que por mais um ano a melhor praia do mundo está no Parque Nacional Marinho de Fernando de Noronha. O Sancho reserva a todos uma experiência única: trilhas e mirantes acessíveis falésias águas límpidas e muita vida marinha. Acreditamos que o título revela mais do que a beleza natural mas o serviço de qualidade prestado pelo Parque"" comemorou a chefe do ICMBio Noronha Carla Guaitanele.

O Parque bateu recorde de visitantes em 2022 com quase 130 mil pessoas entre turistas nacionais e estrangeiros. Para realizar uma visita maiores informações podem ser acessadas no site do PNM de Fernando de Noronha.
Veja a matéria completa no link nos stories.

Foto: Carla Guaitanele/ICMBio","irrelevante"
"O @ibamagov inaugurou nesta terça-feira (28/02) a Central de Logística e Apoio do Centro Nacional de Prevenção e Combate aos Incêndios Florestais (Prevfogo). Localizado na área da sede do Instituto em Brasília o novo prédio é composto por sala de monitoramento em tempo real salas de crise e de operações almoxarifado e oficina de equipamentos além de espaços destinados a atividades administrativas.

O projeto das instalações é fruto de um contrato de colaboração financeira assinado em 2014 pelo Ibama e pelo Banco Nacional de Desenvolvimento Econômico e Social (BNDES). A maior parte dos recursos para a realização da obra foi oferecida pelo Fundo Amazônia. A edificação incorpora diversos elementos de sustentabilidade como estação de tratamento e reuso de água aproveitamento da luz solar luminárias com células fotovoltaicas e telhado verde. Todo o processo de construção teve apoio do Exército Brasileiro.

De acordo com a coordenadora-geral do Prevfogo Flávia Leite a central resultará em mais agilidade para a distribuição e manutenção de equipamentos e permitirá reduzir custos de aquisição e prestação de serviços. “Também vai trazer eficiência ao pronto atendimento das demandas principalmente no período considerado crítico para o combate aos incêndios florestais de julho a novembro” disse.

A solenidade de inauguração da Central de Logística e Apoio do Prevfogo foi realizada logo após a posse do presidente do Ibama Rodrigo Agostinho  como parte das comemorações do aniversário de 34 anos do Ibama que contou com a presença da ministra Marina Silva e do Secretário-Executivo do MMA João Paulo Capobianco.","positivo"
"Domingo ensolarado na Terra Indígena Yanomami e seguimos fortalecendo as ações de proteção ao povo que segura o céu.

Em primeiro plano: Marina Silva e o xamã Davi Kopenawa.","positivo"
"Trabalho firme contra o desmatamento!

Na última semana MMA e @mcti realizam o 10° Seminário Técnico-Científico de Análise de Dados do desmatamento na Amazônia Legal.

Foram mais de 12 horas de palestras e discussões que irão embasarar a retomada do plano de combate ao desmatamento da Amazônia. Veja as apresentações na íntegra no YouTube do MMA.

Esta política reduziu as perdas florestais em mais de 80% entre 2004 e 2012 e está voltando.","positivo"
"As mulheres do MMA e do @minc celebraram juntas este dia especial com música e poesia.

#respeitoprasmulheres","irrelevante"
"O @ibamagov destruiu sete aviões e um helicóptero desde o início da retomada do território Yanomami há um mês com apoio da @prfoficial e da @policiafederal. Também foram destruídos pelo menos 140 acampamentos e estruturas de apoio logístico ao garimpo.

No último fim de semana a ministra Marina Silva acompanhou com o líder indígena Davi Kopenawa o trabalho na base federal instalada pelo Ibama com apoio da @funaioficial da Força Nacional de Segurança Pública e das Forças Armadas (@mindefesa) no rio Uraricoera. Foram apreendidas até o momento 19 toneladas de cassiterita extraídas ilegalmente da terra Indígena avaliadas em cerca de R$ 2 milhões.","positivo"
"Quais destes 8 animais da nossa fauna você conhece?

14 de março é o Dia Nacional dos Animais criado para conscientizar as pessoas sobre os cuidados que devem ser dados a eles. O governo federal promoveu avanços na proteção da fauna. Confira alguns deles:

 Revogação de normas que facilitavam o acesso a armas e munições para caçadores atiradores e colecionadores (CACs). A caça é crime no Brasil;

 Retomada do Fundo Amazônia do combate ao desmatamento e ao garimpo ilegal e anúncio dos Planos de Prevenção e Controle do Desmatamento nos Biomas Brasileiros que protegem os hábitats de milhares de espécies inclusive ameaçadas de extinção;

 Proibição do uso de animais em pesquisa para cosméticos perfumes e itens de higiene por iniciativa do Conselho Nacional de Controle de Experimentação Animal;

 No Ministério do Meio Ambiente e Mudança do Clima foi criada a Secretaria Nacional de Biodiversidade Florestas e Direitos Animais e o Departamento de Proteção Defesa e Direitos Animais. Dentre seus objetivos estão a promoção da proteção e direitos animais; elaboração de políticas públicas; articulação com órgãos do Poder Público e sociedade civil; disseminação de boas práticas em temas de defesa da fauna e de garantia dos direitos animais.

A cada ano o @ibamagov devolve à vida livre cerca de 30 mil animais apreendidos resgatados ou entregues espontaneamente pela população. Os bichos após reabilitação nos Centros de Triagem de Animais Silvestres (Cetas) são reintegrados ao seu habitat para que possam povoá-lo e ter qualidade de vida.

Imagens:
1: Andreia Martins/AMLD
2: João Pedro Salgado (@joao.pedro.salgado)
3: Robson Czaban/MMA
4. 5 e 6: Arquivo MMA
7: Carolina Oliveira (@sdocarolina)
8: Luciano Lima (@calyptura)","positivo"
"""A proteção do meio ambiente e a luta contra a emergência climática são mudanças civilizatórias que só estarão completas se acompanhadas de direitos iguais e dignidade para todas e todos."" - @marinasilvaoficial.

Neste 16 de março comemoramos durante o Mês da Mulher o Dia Nacional da Conscientização sobre as Mudanças Climáticas. Uma data para refletir sobre como as mulheres e outros grupos sociais sofrem desproporcionalmente os impactos da degradação ambiental e da mudança do clima.

De acordo com a ministra @cidagmulher ""a combinação de misoginia machismo e racismo com o negacionismo climático e científico representa um projeto devastador para as mulheres”. “É nosso papel inverter essa lógica em prol das diversas mulheres que compõem a sociedade brasileira negras brancas indígenas LBTQIA+ as do campo da cidade e das águas.”

Se não enfrentadas as consequências da mudança do clima vão acelerar os níveis de pobreza e desigualdade. Não é possível falar sobre clima sem enfatizar o papel de protagonismo que as mulheres têm tido no enfrentamento das mudanças climáticas.

O governo federal RESPEITA TODAS AS MULHERES. #RespeitoPrasMulheres #MarçoDasMulheres","irrelevante"
"Hoje no Dia Internacional das Florestas queremos destacar a Floresta Nacional do Tapajós como um exemplo de gestão socioambiental uso sustentável e pesquisa científica. 

A Cooperativa Mista da Flona do Tapajós (Coomflona) é responsável pelo aproveitamento sustentável e comercialização dos recursos florestais da unidade gerando renda para famílias tradicionais da região. 

A produção de móveis artesanais feitos a partir dos galhos das árvores antes considerados resíduos de manejo florestal agora se tornaram móveis de alto valor agregado. 

A partir de parcerias com designers e organizações não governamentais (ONGs) a cooperativa alcança números expressivos e realiza comercialização de forma nacional e internacional. 

Com parcerias com designers e ONGs a cooperativa confeccionou cerca de 9 mil peças no ano passado. 

Parabéns à Flona do Tapajós por mostrar que é possível unir conservação da biodiversidade e desenvolvimento socioeconômico de forma sustentável! 

#DiaInternacionalDasFlorestas #FlonaTapajós #Sustentabilidade #Conservação #Bioeconomia #ICMBio #MMA","irrelevante"
"Hoje é o Dia Internacional das Florestas. 

Esse tema é especialmente importante em um país como o Brasil que abriga diversidade cultural e biológica únicas no mundo.

Para lidar com tamanha responsabilidade o MMA faz um anúncio especial: foi nomeada hoje como secretária Nacional de Biodiversidade Florestas e Direitos Animais a bióloga Rita Mesquita.

Pesquisadora professora e gestora dedicada à Amazônia Rita vai liderar a reconstrução das políticas de gestão da biodiversidade.

""Nesse dia das Florestas recebo com alegria a minha nomeação e agradeço a confiança da ministra Marina Silva"" disse.

""Teremos muito trabalho pela frente mas nossa agenda é uma agenda positiva pautada na construção conjunta de novos parâmetros de desenvolvimento sustentável"".

Rita assume uma secretaria que deverá liderar pautas estratégicas quando falamos de proteger as florestas: restauração ecológica áreas protegidas manejo da biodiversidade animais e geração de renda com floresta em pé.

1  @ibamagov
2  Junio Matos/ @pesquisa_fapesp","positivo"
"A ministra @marinasilvaoficial recebeu nesta terça-feira Jose Fernandez subsecretário de Estado de Crescimento Econômico Energia e Meio Ambiente dos EUA e a embaixadora dos EUA no Brasil Elizabeth Bagley.

No encontro foram discutidas questões de pesca ilegal e poluição por plástico e a cooperação nas áreas de clima e combate ao desmatamento.","positivo"
"A Conferência da @nacoesunidas sobre a Água começou em Nova York nesta quarta-feira Dia Mundial da Água.

O secretário executivo do MMA João Paulo Capobianco chefia a delegação brasileira.

Até sexta-feira serão definidas ações conjuntas para alcançar metas internacionais relacionadas aos recursos hídricos. A Conferência deverá lançar a Agenda de Ação da Água com compromissos voluntários de governos empresas e da sociedade civil.

 @brazil_un","positivo"
"A Noruega vai apoiar os esforços do Brasil para mobilizar novos recursos para o Fundo Amazônia anunciaram os ministros Espen Barth Eide e Marina Silva após encontro em Brasília nesta quarta-feira.

O ministro norueguês destacou que o compromisso do novo governo brasileiro com a proteção da floresta amazônica é inquestionável.

Espen Barth Eide elogiou os resultados da 1ª reunião do Comitê Orientador do Fundo Amazônia paralisado desde 2019 que estabeleceu prioridade no apoio a indígenas e no combate a crimes ambientais. A Noruega é o maior doador do Fundo que tem mais de R$ 3 bilhões em caixa.

""A Noruega está profundamente comprometida em permanecer como um parceiro próximo e de longo prazo do Brasil"" declarou o ministro que ressaltou ainda a retomada do Plano de Prevenção e Controle do Desmatamento na Amazônia (PPCDAm) extinto em 2019.

Leia a declaração conjunta na íntegra no site do MMA (link nos stories).","positivo"
"Hoje é o Dia Mundial da Água. O secretário executivo do MMA João Paulo Capobianco chefia a delegação brasileira na conferência da ONU sobre a água.

O acesso à água e ao saneamento são direitos humanos fundamentais. O governo brasileiro executa estas políticas com participação direta e permanente diálogo com a sociedade civil.","positivo"
"""O Fundo Amazônia é uma invenção brasileira. Gostamos muito do modelo desenvolvido no primeiro mandato de Lula. Vamos continuar o nosso apoio e também tentar mobilizar novos parceiros"" disse o ministro do Clima e Meio Ambiente da Noruega Espen Barth Eide com Marina Silva.","positivo"
"Veja a declaração do secretário executivo do MMA João Paulo Capobianco no segundo dia da Conferência da Água em Nova York. Capobianco é o chefe da delegação brasileira.

A conferência não ocorria desde 1977 e desde quarta-feira debateu ameaças e desafios mundiais da gestão da água.","irrelevante"
"O Ibama e a @policiafederal destruíram três balsas e um rebocador usados por garimpeiros ilegais no rio Boia no entorno das Terras Indígenas Vale do Javari e Rio Biá Amazonas nesta sexta-feira (24/03). 

Após a abordagem criminosos em fuga afundaram uma quarta balsa para tentar evitar sua destruição.","positivo"
"Discurso do secretário executivo do MMA João Paulo Capobianco chefe da delegação brasileira durante a Conferência da @nacoesunidas sobre a Água.","irrelevante"
"A ministra Marina Silva e o ministro Waldez Góes estão em Rio Branco neste domingo (26/3) para acompanhar o trabalho de apoio à população nas áreas alagadas após a enxurrada que atinge o estado do Acre.

Os ministros sobrevoaram locais atingidos pela cheia e se reuniram com técnicos e autoridades locais. Pelo menos 25 mil pessoas estão desabrigadas ou desalojadas. O nível do Rio Acre subiu mais de sete metros.

Marina Silva destacou o trabalho realizado pela Defesa Civil Nacional e a importância da integração com prefeituras e governo do Estado. A ministra reforçou o compromisso do governo Lula com o aprimoramento de sistemas de alerta e monitoramento de áreas de risco. Nesta tarde a comitiva segue para Manaus.

Os ministros percorreram áreas alagadas às margens do Igarapé São Francisco e foram à Escola Sebastião Pedroza que abriga moradores atingidos em Rio Branco (AC).

Segundo o Painel Intergovernamental sobre Mudanças Climáticas (IPCC) há cerca de 33 bilhões de pessoas no mundo em situação muito vulnerável à mudança do clima. Na última década a possibilidade de essas pessoas morrerem em razão de eventos extremos foi 15 vezes maior do que as que vivem em regiões com baixa vulnerabilidade.

 @mdregional_br","negativo"
"""É necessário um plano de prevenção dos efeitos extremos da mudança do clima e isso só será possível com parceria dos governos estadual municipal e federal. Ninguém dá conta de um problema dessa magnitude sozinho"" disse a ministra Marina Silva em Rio Branco com Waldez Góes.

Segundo o Painel Intergovernamental sobre Mudanças Climáticas (IPCC) há cerca de 33 bilhões de pessoas no mundo em situação muito vulnerável à mudança do clima. Na última década a possibilidade de essas pessoas morrerem em razão de eventos extremos foi 15 vezes maior do que as que vivem em regiões com baixa vulnerabilidade.","positivo"
"Da capital do Acre a comitiva do governo federal seguiu para Manaus na tarde deste domingo (26/03).

Os ministros Marina Silva e Waldez Góes conheceram o Centro de Cooperação de Manaus que faz o monitoramento de situações de crise na cidade. Também estiveram no bairro Jorge Teixeira onde oito pessoas morreram e outras ficaram desabrigadas após deslizamento de terra.

Marina reiterou a necessidade de se criar mecanismo para decretar estado permanente de emergência climática nos municípios mais vulneráveis à mudança do clima seguindo avaliação do Cemaden.

 Ângelo Miguel/@mdregional_br","negativo"
"A ministra do Meio Ambiente e Mudança do Clima Marina Silva encaminhou ofício ao @mjsp_gov solicitando apuração criminal para identificar e responsabilizar os caçadores que mataram duas onças-pintadas e exibiram suas cabeças decepadas ao lado de um filhote sob tortura. Veja a nota na íntegra no site do MMA (link nos stories).","positivo"
"O Ministério da Cultura (@minc) voltou à esplanada e o MMA agora é Ministério do Meio Ambiente e Mudança do Clima.

As ministras Margareth Menezes e Marina Silva e a primeira-dama Janja participaram da inauguração da nova fachada nesta quarta-feira (29/3).","irrelevante"
"O MMA voltou e o @minc também!","positivo"
"O MMA e o @minpovosindigenas planejam parcerias e ações para o abril indígena.

O MMA vai apoiar o Acampamento Terra Livre (ATL) tradicional mobilização indígena que ocorre em abril e envolve etnias de todo o país. As ministras avaliaram resultados das ações de proteção a Terras Indígenas e o processo de retomada da TI Yanomami em Roraima. Também foi abordada a destinação de 57 milhões de hectares de florestas públicas na Amazônia.","positivo"
"Hoje o Parque Nacional da Serra da Canastra (@parnacanastra) comemora 51 anos! 

Criado em 1972 este Parque fica no sudoeste de Minas Gerais e tem quase 200 mil hectares de Cerrado protegido e paisagens espetaculares. Dentro do Parque está localizada a nascente de um dos rios mais importantes do Brasil o São Francisco.

O Parque também é o lar de inúmeras espécies como o lobo-guará (Chrysocyon brachyurus) o veado-campeiro (Ozotoceros bezoarticus) e a tesoura-do-brejo (Gubernetes yetapa) (fotos 1 3 e 5).

Um de seus moradores mais ilustres é o pato-mergulhão (Mergus octosetaceus) uma das espécies de aves mais ameaçadas do mundo e encontrado em poucos locais do Brasil (foto 8). Esta ave só vive em córregos muito bem preservados como as cachoeiras da Canastra.

O Parque está aberto durante todo o ano e tem gestão do @icmbio que cuida das Unidades de Conservação federais brasileiras. A visita é recomendada entre os meses de abril a outubro quando as chuvas diminuem.

 @marcosamend","irrelevante"
"A ministra Marina Silva reuniu as seis secretarias do MMA e quatro instituições vinculadas (Ibama ICMBio SFB e ANA) para fazer um balanço dos cem dias de governo e do planejamento para o ano.

Entre as ações foi apresentado o Plano de Ação para Prevenção e Controle do Desmatamento na Amazônia (PPCDAm) que articula a atuação de 19 ministérios e entrará em consulta pública na próxima semana; e o aumento de 219% dos autos por infrações contra a flora e de 133% das apreensões na Amazônia no trimestre em comparação com a média para o mesmo período nos quatro anos anteriores.

O plano de governo tem como eixos a reconstrução dos órgãos ambientais a recuperação da participação social a transição para uma economia de baixo carbono soluções para mitigação e adaptação às mudanças climáticas a revogação de normas que causam danos ao meio ambiente e a retomada da agenda internacional de clima e meio ambiente.","positivo"
"Multas por desmatamento na Amazônia triplicaram no primeiro trimestre de 2023.

O número de autos por desmatamento e outras infrações contra a flora na Amazônia de janeiro a março aumentou 219% em relação à média para o mesmo período nos quatro anos anteriores segundo dados do @ibamagov.

As apreensões de bens e produtos relacionados a crimes ambientais tiveram alta de 133% e o número de embargos de propriedades cresceu 93% no mesmo período. Essas medidas descapitalizam os infratores e impedem que obtenham financiamento além de restringir o comércio de produtos ilegais.

Mesmo com a priorização de operações na região amazônica as autuações ambientais aumentaram 78% em todo o país na comparação do primeiro trimestre deste ano com a média para o mesmo período nos anos de 2019 a 2022. A retomada das atribuições do Ibama e o comando do combate ao desmatamento pela área ambiental foram decisivos para os resultados obtidos apesar do baixo número de fiscais.

Serão mantidas as operações para retirar invasores de terras indígenas como a executada desde o dia 6 de fevereiro no território Yanomami que resultou até o momento na destruição de 285 acampamentos de garimpeiros 8 aeronaves 23 barcos 3 tratores e 124 motores. Também foram apreendidas 22 toneladas de cassiterita 21 mil litros de combustível e 5 kg de mercúrio entre outros equipamentos de apoio logístico ao garimpo.

 Bruno Kelly/MMA","positivo"
"#OBrasilVoltou","irrelevante"
"Avião é destruído e dois homens são presos em operação conjunta do @ibamagov @prfoficial e @mindefesa contra o garimpo ilegal na Terra Indígena Yanomami.

A ação ocorreu com apoio de helicóptero da @marinhaoficial meia hora após o fechamento completo do espaço aéreo no território. Barreira instalada pelo Ibama no rio Uraricoera o principal da região impede a entrada de garimpeiros e suprimentos desde 20 de fevereiro.

Outra operação nesta semana apreendeu 2 aeronaves 14 toneladas de cassiterita vários equipamentos e 8 mil litros de querosene de aviação. Foram embargadas 16 pistas de pouso. Empresas que distribuem o combustível irregularmente em Roraima foram multadas em R$ 126 milhões.

Desde o início das operações foram destruídos cerca de 300 acampamentos de garimpeiros 9 aeronaves dezenas de barcos e tratores e outros equipamentos usados por criminosos. Foram apreendidas mais de 30 toneladas de cassiterita e 20 mil litros de combustível.","positivo"
"""#OBrasilVoltou a cuidar de seus biomas sobretudo da maior floresta tropical do planeta.""

Em reunião com os ministros o presidente @lulaoficial destacou os resultados alcançados em #100dias de governo e reforçou os compromissos com o meio ambiente.","positivo"
"Reunião entre MMA @Mapa_Brasil e @mdagovbr. O novo Plano Safra será a base da transição para agricultura de baixo carbono tendo como referência o programa ABC. O Brasil será cada vez mais uma potência ambiental florestal e agrícola.

#OBrasilVoltou","positivo"
"O novo Plano de Ação para Prevenção e Controle do Desmatamento na Amazônia Legal (PPCDAm) está em consulta pública e receberá contribuições até 26/4. A portaria foi assinada nesta segunda (10/4) pela ministra Marina Silva.

O plano coordenado pelo MMA teve participação direta de outros 12 ministérios e de diversos órgãos federais. A meta é zerar o desmatamento na Amazônia até 2030.

Lançado em 2004 o PPCDAm foi extinto pelo governo anterior em 2019. O desmatamento medido pelo @inpe.oficial teve aumento recorde nos últimos 4 anos.

São 4 eixos de atuação definidos com base em dados atualizados sobre a dinâmica do desmatamento na Amazônia:

- Atividades Produtivas Sustentáveis
- Monitoramento e Controle Ambiental
- Ordenamento Territorial e Fundiário
- Instrumentos Normativos e Econômicos

Acesse a consulta pública e o documento completo nos stories ou no site do MMA (mma.gov.br).","positivo"
"Operação Metaverso desmonta fraude para esquentar madeira ilegal.

@ibamagov excluiu 12 milhão de m³ de produtos madeireiros em créditos fraudulentos no sistema. Caso utilizados poderiam ""legalizar"" volume equivalente a 60 mil caminhões carregados. É o maior bloqueio já realizado.

As fraudes mais frequentes estão relacionadas à aprovação de planos de manejo à conversão de tora para madeira serrada às espécies autorizadas para extração e comercialização ao uso do mesmo documento para várias cargas e à falta de baixa nos créditos após a comercialização.

Agentes aplicaram 23 autos de infração que totalizam R$ 33 milhões. Foram fiscalizados 21 empreendimentos localizados no Distrito Federal e em oito estados: Acre Amapá Goiás Mato Grosso do Sul Minas Gerais Pernambuco Roraima e Tocantins.

As ações contra fraudes e corte ilegal de árvores foram intensificadas para interromper o processo de destruição da Amazônia herdado da gestão anterior.

Essas medidas serão seguidas por ações estruturantes de médio e longo prazo no âmbito do Plano de Prevenção e Controle do Desmatamento na Amazônia Legal (PPCDAm) que está em consulta pública.

A matéria completa está no site do Ibama (link nos stories).","positivo"
"Em discurso na posse de @dilmarousseff no Novo Banco de Desenvolvimento o presidente @lulaoficial reiterou o compromisso do governo brasileiro com a sustentabilidade e o combate à crise climática.

A ministra @marinasilvaoficial acompanha a comitiva brasileira na China.","positivo"
"Na semana dos #100dias veja como o MMA atuou no início da retomada da Terra Indígena Yanomami desde fevereiro. O território foi invadido por milhares de garimpeiros nos últimos anos.

 Divulgação/MMA
#OBrasilVoltou","irrelevante"
"Em declaração conjunta assinada em Pequim Brasil e China se comprometem a ""ampliar aprofundar e diversificar a cooperação bilateral em questões climáticas"".

O documento cita a colaboração no ""apoio à eliminação do desmatamento e da exploração madeireira ilegal global através da aplicação efetiva de suas respectivas leis de proibição de importações e exportações ilegais"".

A cooperação no desenvolvimento e compartilhamento de tecnologias incluindo o novo satélite CBERS 6 que permitirá um melhor monitoramento da cobertura florestal. E o intercâmbio de conhecimentos melhores práticas e outras formas de cooperação para conservação e manejo sustentável das florestas regeneração e reflorestamento de áreas degradadas.

Na declaração a China apoia a candidatura do Brasil para sediar a COP30. O documento cria um Subcomitê de Meio Ambiente e Mudança Climática sob o Comitê de Coordenação e Cooperação de Alto Nível China-Brasil (COSBAN).

Os países vão cooperar na transição para uma economia global sustentável e de baixo carbono; cidades inteligentes; infraestrutura verde; desenvolvimento de indústrias verdes; energias renováveis incluindo acesso e apoio a comunidades isoladas; mobilidade elétrica; inovação pesquisa e desenvolvimento de tecnologias verdes; e finanças e investimentos verdes.

Leia o documento completo no site do MMA (link nos stories).","positivo"
"""Brasil e China terão ampla cooperação em transição energética proteção de florestas e rastreabilidade de commodities"" disse @marinasilvaoficial em Pequim.

Os países anunciaram a criação de um Subcomitê de Meio Ambiente e Mudança Climática no âmbito da cooperação bilateral.

Em discurso a ministra destacou a colaboração para combater crimes ambientais e o impedimento de acesso a mercados para produtos com origem na devastação ambiental entre outros temas. Também citou a experiência chinesa na restauração de 70 milhões de ha de áreas degradadas.

Marina ressaltou a transversalidade das políticas ambientais no novo governo e o papel dos dois países em desenvolvimento:

""A declaração ressalta essa visão ampla. Nossos países podem dar grande contribuição na cooperação Sul-Sul e no alcance dos objetivos do Acordo de Paris.""
A China apoia a candidatura do Brasil como sede da COP30 que será realizada em 2025.

""O mundo inteiro ganha com a volta do protagonismo do Brasil e a retomada do entendimento e cooperação com a China.""

Veja matéria completa no site do MMA (link nos stories).

 Divulgação/Planalto","positivo"
"@ibamagov apreende três mil cabeças de gado em áreas embargadas na Amazônia. As áreas foram desmatadas ilegalmente e não podem ser usadas.

No total 27 pessoas receberam notificações por descumprimento do embargo e deverão retirar o gado de uma área de 25 mil hectares.

“O Ibama permanecerá agindo com rigor nesses locais enquanto o desmatamento ilegal não for interrompido. Se os alertas de monitoramento por satélite indicarem novas áreas críticas a operação será ampliada” disse o presidente do órgão Rodrigo Agostinho.

O bloqueio de atividades produtivas tem como objetivo a recuperação da floresta. Descumprir embargo configura novo crime ambiental.

Caso as irregularidades permaneçam serão aplicadas novas multas e os rebanhos poderão ser apreendidos e destinados a programas sociais.

As ações contra crimes ambientais foram intensificadas para interromper o processo de destruição da Amazônia herdado da gestão anterior.

Essas medidas serão seguidas por ações estruturantes de médio e longo prazo no âmbito do PPCDAm que está em consulta pública.

A operação Retomada ocorre inicialmente nos municípios de Lábrea e Manicoré no Amazonas e em Pacajá no Pará regiões com grande concentração de desmatamento. Tem apoio da @prfoficial e da Força Nacional.

Veja matéria completa no site do Ibama (link nos stories).","positivo"
"A ministra Marina Silva recebeu o ministro do @foreignanddevelopmentoffice Zac Goldsmith para tratar do fortalecimento da cooperação entre Brasil e Reino Unido nas agendas de clima biodiversidade e proteção de comunidades tradicionais.

“Estamos comprometidos em trabalhar com o Brasil e a comunidade internacional na elaboração de um pacote de iniciativas integrando parceiros públicos e privados que atenda aos desafios que serão apresentados na COP28” disse Goldsmith durante o encontro.

Marina destacou os resultados do Ibama na Amazônia no primeiro trimestre citando o aumento de 219% das multas de 93% nos embargos de áreas com desmatamento ilegal e outros crimes ambientais e de 133% nas apreensões de bens e equipamentos.

A equipe do MMA apresentou algumas das principais ações realizadas nos primeiros 100 dias como o novo PPCDAm o fortalecimento do Ibama a ação integrada na Terra Indígena Yanomami e a retomada do diálogo com as comunidades tradicionais.","positivo"
"O MMA e o @governopara assinaram nesta terça-feira (18/4) três portarias.

A parceria tem objetivo de fortalecer a integração no controle e na fiscalização de áreas críticas de desmatamento e crimes ambientais no Pará.

O governador Helder Barbalho ressaltou o trabalho do MMA e destacou o esforço do seu estado na transição econômica para a sustentabilidade.

""Se resolvermos a questão do Pará resolvemos grande parte das dificuldades de toda a Amazônia e do Brasil.""

A ministra Marina Silva também destacou a colaboração. ""É um trabalho que nossas equipes já vêm fazendo. Queremos reconhecer as boas práticas. Aqueles que têm bons resultados precisam liderar pelo exemplo para que outros possam acompanhar.""

A 1ª portaria institui um GT com a missão de coordenar ações estratégicas de ordenamento territorial e fundiário e fiscalização ambiental em áreas críticas de desmatamento e degradação florestal no Estado do Pará.

Outra portaria institui GT para propor medidas que otimizem o uso do Cadastro Ambiental Rural (CAR) como instrumento de gestão ambiental no Estado. O CAR pode apoiar programas de monitoramento de controle de desmatamento e degradação ilegais e guiar incentivos econômicos.

A terceira portaria cria GT para integrar o sistema de controle madeireiro do Pará (SISFlora) com o SINAFlor nacional sob gestão do @ibamagov.

A ação vai facilitar a troca de informações e gerar um banco de dados unificado para atuar na rastreabilidade e monitoramento.

""A assinatura é no papel mas eu quero que ela fique inscrita no DNA de cada árvore que seja preservada de cada espécie da nossa biodiversidade que seja preservada de cada comunidade tradicional e indígena que seja respeitada na nossa região"" resumiu a ministra @marinasilvaoficial.","positivo"
"O novo Plano Safra deverá ser a base da transição para uma agricultura de baixo carbono. O Brasil pode ser uma potência ambiental florestal e agrícola.

Essa foi a pauta do encontro entre MMA @mdagovbr @min.fazenda @mapa_brasil.","positivo"
"19 de abril dia Nacional dos Povos Indígenas.

#brasiléterraindígena
#nuncamaisumbrasilsemnós","irrelevante"
"19 de abril dia Nacional dos Povos Indígenas.

Após 4 anos o MMA abre as portas para os Povos Indígenas protetores de nossa biodiversidade. Esta é uma das tarefas da Secretaria Nacional de Povos e Comunidades Tradicionais e Desenvolvimento Rural Sustentável criada em decreto em 1⁰ de janeiro.

O MMA é parceiro dos Povos Indígenas e defende sua participação qualificada na elaboração e execução de políticas públicas. 

Defende também que sejam garantidas as condições fundamentais para sua sobrevivência física e cultural e seu direito a uma vida digna. É indispensável garantir a regularização fundiária e a desintrusão de suas terras.

Os territórios indígenas têm papel central na manutenção da biodiversidade em todo o mundo mas principalmente no país que tem a maior riqueza biológica. Protegê-los também está em harmonia com a proteção de espécies do clima e do planeta.

Além do atendimento a uma grande demanda reprimida por escuta diálogo e apoio o MMA tem atuado firmemente combatendo ilícitos em diversos territórios.

Nos últimos meses com outros órgãos federais um intenso trabalho tem sido realizado na retomada da Terra Indígena Yanomami. Além do controle do rio Uraricoera seguidas operações levaram a prejuízos para as operações de garimpo ilegal descapitalizando criminosos e interrompendo sua logística.

De 6/2 a 18/4 foram aplicados 30 autos de infração totalizando 55 milhões em multas. Foram apreendidos ou destruídos dentre outros:

- 13 aviões
- 24 barcos
- 312 acampamentos
- 3 tratores/PCs
- 188 motores e motobombas
- 36 ton de cassiterita
- 26 mil litros de combustível

No MMA o movimento indígena suas lideranças e organizações são reconhecidos como interlocutores legítimos destacando-se a sua significativa participação na construção e execução das políticas de governo.

O reconhecimento e o pleno respeito dos direitos humanos constitucionais e socioambientais dos indígenas bem como dos seus direitos fundiários são fundamentais para o aperfeiçoamento da democracia brasileira e para se resgatar uma dívida histórica com esses povos.

:
1 4 7- Paulo de Araújo/MMA
2 6 - Bruno Kelly/MMA
3 - Pedro Magalhães/APIB
5 8 - Divulgação/MMA","positivo"
"A ministra do Meio Ambiente e Mudança do Clima Marina Silva afirmou em discurso na noite desta quarta-feira (19/4) em Buenos Aires na Argentina que o Brasil perdeu quatro anos na implementação do Acordo de Escazú com a decisão do governo anterior de não encaminhar o tratado para ratificação pelo Congresso.

Marina participou da 2ª Reunião da Conferência das Partes (COP-2) do Acordo de Escazú que já foi ratificado por 15 países da América Latina. É o primeiro tratado regional com foco específico em meio ambiente e direitos humanos.

O Brasil assinou o acordo em 2018 após amplo processo de participação da sociedade mas não houve avanço nos últimos quatros anos. Uma das entregas nos 100 primeiros dias da atual gestão foi o envio do acordo para o Congresso com aval das pastas de Meio Ambiente Diretos Humanos e Cidadania Povos Indígenas e Relações Exteriores.

A construção do Acordo de Escazú está ligada às Conferências Rio92 e Rio+20 realizadas no Rio de Janeiro. Trata-se de instrumento jurídico pioneiro de proteção ambiental e de direitos humanos um pacto regional pela promoção da justiça ambiental e climática.

""Estou aqui trazendo a mensagem do presidente Lula que coloca a questão climática no mais alto nível de prioridade que se compromete em alcançar desmatamento zero na Amazônia até 2030 e que quer fortalecer a nossa democracia combater desigulagade criando um novo ciclo de prosperidade com sustentabilidade econômica social ambiental política e ética"" discursou Marina.

""Graças a Deus que Lula voltou. Graças a Deus que Marina voltou e que cuidam da Amazônia. Graças a Deus que há um governo no Brasil que é aberto e observa que a discussão da mudança do clima não é uma discussão mentirosa é uma tremenda crise para a humanidade"" disse o presidente da Argentina Alberto Fernández.","negativo"
"Termina hoje em Buenos Aires a COP 2 do Acordo de Escazú. A ministra Marina Silva representou o governo brasileiro e teve encontros com representantes do governo argentino e uruguaio além de discursar no evento principal (o vídeo na íntegra está no post anterior).

""Estou aqui trazendo a mensagem do presidente Lula que coloca a questão climática no mais alto nível de prioridade que se compromete em alcançar desmatamento zero na Amazônia até 2030 e que quer fortalecer a nossa democracia combater desigulagade criando um novo ciclo de prosperidade com sustentabilidade econômica social ambiental política e ética"" discursou Marina.

Marina sugeriu a realização de um encontro de ministros do Meio Ambiente do Mercosul durante cúpula prevista para julho e o ministro argentino apoiou a proposta. A Argentina preside o Mercosul e o Brasil assumirá a coordenação no próximo semestre.

A construção do Acordo de Escazú está ligada às Conferências Rio92 e Rio+20 realizadas no Rio de Janeiro. Trata-se de instrumento jurídico pioneiro de proteção ambiental e de direitos humanos um pacto regional pela promoção da justiça ambiental e climática.


1- Juan Cabandié ministro do Meio Ambiente e Desenvolvimento Sustentável da Argentina

2- Robert Bouvier ministro do Meio Ambiente do Uruguai

3 Gabriel Katopodis ministro de Obras Públicas da Argentina

4- Cecilia Nicolini secretária de Mudanças Climáticas Desenvolvimentos Dustentável e Inovação da Argentina","irrelevante"
"O governo dos Estados Unidos anunciou  a doação de R$ 25 bilhões para o Fundo Amazônia. O pacote inclui recursos para outras iniciativas de combate ao desmatamento reflorestamento e mitigação da mudança do clima.

Em discurso no encontro do Major Economies Forum onde foi feito o anúncio o presidente Lula falou sobre o compromisso do governo brasileiro em acabar com o desmatamento e promover uma economia sustentável na Amazônia. Passe para o lado para ver.

Mais informações no site do MMA (mma.gov.br). Link nos stories.","positivo"
"Em entrevista após o anúncio dos EUA da doação de R$ 25 bilhões para o Fundo Amazônia Marina Silva explicou como foram as negociações nestes 3 meses e como o recurso será usado.

A ministra conversou com o Enviado Especial dos EUA para o Clima John Kerry pouco antes da entrevista e ele disse que o aporte inédito é apenas o início da colaboração. Os EUA vão ajudar a mobilizar novas parcerias e captar recursos de diversas fontes com o objetivo de alcançar US$ 2 bilhões.

""É um novo paradigma"" disse a ministra. Segundo ela nos primeiros dois anos parte dos recursos poderá ser usada no combate ao desmatamento queimadas apoio a situações de emergência como na Terra Indígena Yanomami em ordenamento territorial e fundiário e outras ações mas o compromisso é que o fundo volte a investir em pesquisa ciência tecnologia inovação e projetos de desenvolvimento sustentável.","positivo"
"22 de abril é o Dia da Terra.
Após 4 anos de destruição o MMA voltou a proteger os biomas do Brasil combater desmatamento e promover a bioeconomia e a agricultura sustentável.

Desde janeiro o @ibamagov atua para reduzir as taxas recorde de desmatamento herdadas da gestão anterior.

No 1⁰ trimestre as multas por desmatamento na Amazônia aumentaram em 219% em relação à média para o mesmo período nos últimos 4 anos. Embargos apreensões e destruição de equipamentos aumentaram 93% 133% e 192%. Foram realizadas operações para fiscalizar garimpos invasão de áreas protegidas pecuária em área desmatada ilegalmente fraudes na extração de madeira entre outros crimes.

Na TI Yanomami o Ibama iniciou operação para retirar invasores e controlar o acesso ao território. Até o momento foram destruídas 20 aeronaves mais de 300 acampamentos de garimpeiros centenas de motores e dezenas de barcos e tratores. Também foram apreendidas 35 toneladas de cassiterita e 26 mil litros de combustível entre outros equipamentos.

Medidas estruturantes de combate ao desmatamento estão sendo desenvolvidas no âmbito do Plano de Prevenção e Controle do Desmatamento na Amazônia Legal (PPCDAm) que está em consulta pública até 26 de abril. O PPCDAm vai integrar políticas de 19 ministérios em quatro eixos de atuação: atividades produtivas sustentáveis monitoramento e controle ambiental ordenamento territorial e fundiário e instrumentos normativos e econômicos.

O Fundo Amazônia foi restabelecido e vai apoiar ações de fiscalização e proteção a povos indígenas. Paralisado em 2019 com mais de R$ 3 bilhões em caixa o fundo receberá mais R$ 25 bi do governo dos EUA segundo anúncio feito nesta semana e R$ 200 milhões da Alemanha.

O fundo também financiará atividades produtivas com floresta em pé promovendo pesquisa e desenvolvimento tecnológico na transição para uma economia florestal sustentável.

O Plano Safra está em processo de reformulação para tornar a agricultura de baixo carbono o padrão no campo. Em conjunto com @mapa_brasil @mdagovbr e @min.fazenda o MMA fixa diretrizes sustentáveis para este que é o principal eixo de financiamento  da produção agrícola no país.","positivo"
"A ministra Marina Silva recebeu nesta terça-feira (25/4) o presidente da Comissão de Meio Ambiente e Desenvolvimento Sustentável da Câmara deputado José Priante para tratar de questões relacionadas à pauta ambiental no Congresso. Foram debatidos temas como os projetos que tramitam na Câmara e o acordo Mercosul-União Europeia.","irrelevante"
"""Temos orgulho de muitos avanços para os povos indígenas nos primeiros 4 meses de governo. E vamos seguir juntas porque estamos na mesma luta.""

Veja a mensagem da ministra Marina Silva na Plenária Mulheres Indígenas do Acampamento Terra Livre.","positivo"
"A ministra Marina Silva voltou às origens da luta das juventudes rurais e falou hoje sobre as diretrizes do novo governo no evento do 4º Festival Nacional da Juventude Rural: Semeando Resistência e Cultivando um Mundo Novo.","positivo"
"O governo federal anunciou nesta sexta-feira (28/4) no Acampamento Terra Livre (ATL) a homologação de seis Terras Indígenas (TIs). A homologação é o último ato no processo de demarcação dos territórios.

O presidente Lula assinou os atos ao lado da ministra do Meio Ambiente e Mudança do Clima Marina Silva da ministra dos Povos Indígenas Sônia Guajajara da presidente da Funai Joênia Wapichana além de outros representantes do governo e lideranças indígenas de todo o Brasil como o cacique Raoni e a deputada federal Célia Xakriabá.

O ATL é a maior mobilização indígena do país e reuniu milhares de pessoas em Brasília ao longo da semana.

São as primeiras TIs demarcadas desde 2018. O governo anterior paralisou a tramitação dos processos. As seis TIs são:

- TI Arara do Rio Amônia no Acre.
- TI Kariri-Xocó em Alagoas.
- TI Rio dos Índios no Rio Grande do Sul.
- TI Tremembé da Barra do Mundaú no Ceará.
- TI Uneiuxi no Amazonas.
- TI Avá-Canoeiro em Goiás.","positivo"
"Demarcação de Terras Indígenas e desmatamento zero até 2030. Esse foi o recado do presidente Lula no encerramento do Acampamento Terra Livre.","positivo"
"O Governo Federal determinou o reforço das ações de combate ao garimpo ilegal na Terra Indígena Yanomami. Neste domingo o presidente Lula convocou reunião de emergência em razão de ataques de garimpeiros a indígenas e equipes de fiscalização.

Na segunda imagem armas apreendidas com garimpeiros após os ataques de domingo.

As ministras Marina Silva Sonia Guajajara (Povos Indígenas) e Nísia Trindade (Saúde) estão em Roraima.

Está prevista para 16h30 (horário local 17h30 em Brasília) uma entrevista coletiva no Auditório do Hangar da Base Aérea de Boa Vista.

Mais informações no site do MMA (link nos stories).","positivo"
"As ministras Marina Silva Sonia Guajajara (Povos Indígenas) e Nísia Trindade (Saúde) foram a Roraima nesta segunda-feira (1/5) com representantes do governo federal e lideranças Yanomami para acompanhar as ações na Terra Indígena (TI).

As ministras se reuniram com comandos locais e parte da delegação sobrevoou regiões afetadas pelo garimpo. A viagem ocorre no dia seguinte à reunião de emergência convocada pelo presidente Lula após ataques a indígenas e equipes de fiscalização.

Em entrevista a ministra Marina Silva afirmou que não haverá recuo: ""As ações serão intensificadas"" declarou.""A operação é de pacificação da terra Yanomami. O que não acontece de forma pacífica é em função da ação de criminosos. Os garimpeiros criaram um problema social um problema ambiental um problema de destruição de um povo de uma etnia. As crateras que estão abertas a insistência em permanecer são uma demonstração de que existem forças muito poderosas economicamente por trás dessa ação criminosa"" afirmou.

O presidente do @ibamagov Rodrigo Agostinho disse que foram destruídos 330 acampamentos de garimpeiros e 20 aeronaves em 3 meses de operação. ""Temos a orientação de intensificar o trabalho para acabar de uma vez por todas com as ilegalidades. O Ibama não vai sair da Terra Yanomami enquanto não tiver esgotado a atividade ilegal na região.""

 1234789 - MMA
 56 - MPI","positivo"
"""O governo não vai recuar. As ações serão intensificadas. Vamos reforçar as equipes do Ibama da PRF da Polícia Federal com suporte das Forças Armadas para dar uma resposta à altura.""","positivo"
"O governo federal publicou portaria nesta terça-feira (2/5) que autoriza concurso público com 98 vagas de analista ambiental para o Ministério do Meio Ambiente e Mudança do Clima. O cargo exige formação de nível superior.

Mais informações no site do MMA: link nos stories.","irrelevante"
"O governo federal realizou ação emergencial no território Yanomami Roraima com participação do MMA @minpovosindigenas e @minsaude depois de três indígenas terem sido baleados por garimpeiros ilegais. Ilson Xirixana 36 anos levou um tiro na cabeça e morreu. Ele atuava como agente de saúde.

Acabar com o garimpo ilegal é um dos compromissos do governo do Brasil. Muitos já foram desativados mas parte dos garimpeiros clandestinos resiste violentamente.

A Operação Libertação continuará atuando para defender os direitos dos povos indígenas e para combater o garimpo ilegal e a violência no território.

 Audiovisual/PR","negativo"
"A ministra Marina Silva recebeu nesta quarta-feira (3/5) em Brasília Eve Bazaiba ministra do Meio Ambiente e da Conservação da Natureza da República Democrática do Congo.

Entre outros temas trataram do avanço da cooperação trilateral com a Indonésia. Juntos os três países detêm mais da metade das florestas tropicais do planeta.

Também foi abordado o fortalecimento da cooperação bilateral para manejo sustentável de florestas bioeconomia e restauração de ecossistemas.","positivo"
"Discurso da ministra Marina Silva na retomada do Conselho de Desenvolvimento Econômico Social Sustentável (CDESS).","irrelevante"
"O governo federal retomou o Conselho de Desenvolvimento Econômico Social Sustentável (CDESS) o chamado Conselhão espaço de diálogo com a sociedade criado em 2003 que havia sido desativado em 2019. 

O presidente Luiz Inácio Lula da Silva coordenou nesta quinta-feira (4/5) no Palácio do Itamaraty a primeira reunião do grupo que tem 246 conselheiros.

“Nenhum governo por mais competente responsável e humanista que seja é capaz de resolver sozinho os problemas de um país. Por isso a convocação deste conselho e de outras instâncias de participação popular. Além dos desafios da fome e da desigualdade falo também de urgências ambientais que nos obrigam em um horizonte cada vez mais próximo a reduzir emissões de carbono e a zerar o desmatamento no Brasil” disse Lula.

O grupo vai assessorar o presidente na formulação de políticas e diretrizes destinadas ao desenvolvimento econômico social sustentável.

Em discurso a ministra Marina Silva ressaltou o compromisso de todo o governo com a agenda da sustentabilidade: ""Celebro a ideia de uma política ambiental transversal que esteja no topo da prioridade do governo. Que o fortalecimento do sistema nacional de meio ambiente seja uma prioridade. Que a questão da sustentabilidade esteja perpassando 19 ministérios e que todos os setores terão essa agenda como estratégica. O conselho é o espaço para que a gente possa ter essa visão ampliada.""

 234 - MMA
 15 - Ricardo Stuckert/PR","irrelevante"
"Comunicado da ministra Marina Silva sobre a escolha do presidente do ICMBio:



""Foi instituído em fevereiro um Comitê de Busca com a participação de seis especialistas em conservação ambiental para elaborar uma lista tríplice com o objetivo de escolher o/a presidente do Instituto Chico Mendes de Conservação da Biodiversidade (ICMBio).


O comitê durante o período de 50 dias analisou 18 candidaturas e ao final apresentou a seguinte lista tríplice em ordem alfabética: Alexander Turra Iara Vasco Ferreira e Mauro Oliveira Pires todos com currículo de excelência.


Após análise do resultado apresentado pelo Comitê de Busca foi escolhido o candidato Mauro Oliveira Pires analista ambiental do ICMBio.


Agradeço aos integrantes do comitê pelo valioso trabalho voluntário assim como aos candidatos e candidatas por sua participação no processo seletivo.


Nesta ocasião também reconheço e agradeço o dedicado trabalho do servidor Marcelo Marcelino de Oliveira pela interinidade na presidência do ICMBio.""



Marina Silva

Ministra de Estado do Meio Ambiente e Mudança do Clima","irrelevante"
